码,县,专,省,地
110101,东城区,东城,北京市,（直辖）
110102,西城区,西城,北京市,（直辖）
110105,朝阳区,朝阳,北京市,（直辖）
110106,丰台区,丰台,北京市,（直辖）
110107,石景山区,石景山,北京市,（直辖）
110108,海淀区,海淀,北京市,（直辖）
110109,门头沟区,门头沟,北京市,（直辖）
110111,房山区,房山,北京市,（直辖）
110112,通州区,通州,北京市,（直辖）
110113,顺义区,顺义,北京市,（直辖）
110114,昌平区,昌平,北京市,（直辖）
110115,大兴区,大兴,北京市,（直辖）
110116,怀柔区,怀柔,北京市,（直辖）
110117,平谷区,平谷,北京市,（直辖）
110118,密云区,密云,北京市,（直辖）
110119,延庆区,延庆,北京市,（直辖）
120101,和平区,和平,天津市,（直辖）
120102,河东区,河东,天津市,（直辖）
120103,河西区,河西,天津市,（直辖）
120104,南开区,南开,天津市,（直辖）
120105,河北区,河北,天津市,（直辖）
120106,红桥区,红桥,天津市,（直辖）
120110,东丽区,东丽,天津市,（直辖）
120111,西青区,西青,天津市,（直辖）
120112,津南区,津南,天津市,（直辖）
120113,北辰区,北辰,天津市,（直辖）
120114,武清区,武清,天津市,（直辖）
120115,宝坻区,宝坻,天津市,（直辖）
120116,滨海新区,滨海,天津市,（直辖）
120117,宁河区,宁河,天津市,（直辖）
120118,静海区,静海,天津市,（直辖）
120119,蓟州区,蓟州,天津市,（直辖）
130102,长安区,长安,河北省,石家庄市
130104,桥西区,桥西,河北省,石家庄市
130105,新华区,新华,河北省,石家庄市
130107,井陉矿区,井陉,河北省,石家庄市
130108,裕华区,裕华,河北省,石家庄市
130109,藁城区,藁城,河北省,石家庄市
130110,鹿泉区,鹿泉,河北省,石家庄市
130111,栾城区,栾城,河北省,石家庄市
130121,井陉县,井陉,河北省,石家庄市
130123,正定县,正定,河北省,石家庄市
130125,行唐县,行唐,河北省,石家庄市
130126,灵寿县,灵寿,河北省,石家庄市
130127,高邑县,高邑,河北省,石家庄市
130128,深泽县,深泽,河北省,石家庄市
130129,赞皇县,赞皇,河北省,石家庄市
130130,无极县,无极,河北省,石家庄市
130131,平山县,平山,河北省,石家庄市
130132,元氏县,元氏,河北省,石家庄市
130133,赵县,赵,河北省,石家庄市
130181,辛集市,辛集,河北省,石家庄市
130183,晋州市,晋州,河北省,石家庄市
130184,新乐市,新乐,河北省,石家庄市
130202,路南区,路南,河北省,唐山市
130203,路北区,路北,河北省,唐山市
130204,古冶区,古冶,河北省,唐山市
130205,开平区,开平,河北省,唐山市
130207,丰南区,丰南,河北省,唐山市
130208,丰润区,丰润,河北省,唐山市
130209,曹妃甸区,曹妃甸,河北省,唐山市
130224,滦南县,滦南,河北省,唐山市
130225,乐亭县,乐亭,河北省,唐山市
130227,迁西县,迁西,河北省,唐山市
130229,玉田县,玉田,河北省,唐山市
130281,遵化市,遵化,河北省,唐山市
130283,迁安市,迁安,河北省,唐山市
130284,滦州市,滦州,河北省,唐山市
130302,海港区,海港,河北省,秦皇岛市
130303,山海关区,山海关,河北省,秦皇岛市
130304,北戴河区,北戴河,河北省,秦皇岛市
130306,抚宁区,抚宁,河北省,秦皇岛市
130321,青龙满族自治县,青龙,河北省,秦皇岛市
130322,昌黎县,昌黎,河北省,秦皇岛市
130324,卢龙县,卢龙,河北省,秦皇岛市
130402,邯山区,邯山,河北省,邯郸市
130403,丛台区,丛台,河北省,邯郸市
130404,复兴区,复兴,河北省,邯郸市
130406,峰峰矿区,峰峰,河北省,邯郸市
130407,肥乡区,肥乡,河北省,邯郸市
130408,永年区,永年,河北省,邯郸市
130423,临漳县,临漳,河北省,邯郸市
130424,成安县,成安,河北省,邯郸市
130425,大名县,大名,河北省,邯郸市
130426,涉县,涉,河北省,邯郸市
130427,磁县,磁,河北省,邯郸市
130430,邱县,邱,河北省,邯郸市
130431,鸡泽县,鸡泽,河北省,邯郸市
130432,广平县,广平,河北省,邯郸市
130433,馆陶县,馆陶,河北省,邯郸市
130434,魏县,魏,河北省,邯郸市
130435,曲周县,曲周,河北省,邯郸市
130481,武安市,武安,河北省,邯郸市
130502,襄都区,襄都,河北省,邢台市
130503,信都区,信都,河北省,邢台市
130505,任泽区,任泽,河北省,邢台市
130506,南和区,南和,河北省,邢台市
130522,临城县,临城,河北省,邢台市
130523,内丘县,内丘,河北省,邢台市
130524,柏乡县,柏乡,河北省,邢台市
130525,隆尧县,隆尧,河北省,邢台市
130528,宁晋县,宁晋,河北省,邢台市
130529,巨鹿县,巨鹿,河北省,邢台市
130530,新河县,新河,河北省,邢台市
130531,广宗县,广宗,河北省,邢台市
130532,平乡县,平乡,河北省,邢台市
130533,威县,威,河北省,邢台市
130534,清河县,清河,河北省,邢台市
130535,临西县,临西,河北省,邢台市
130581,南宫市,南宫,河北省,邢台市
130582,沙河市,沙河,河北省,邢台市
130602,竞秀区,竞秀,河北省,保定市
130606,莲池区,莲池,河北省,保定市
130607,满城区,满城,河北省,保定市
130608,清苑区,清苑,河北省,保定市
130609,徐水区,徐水,河北省,保定市
130623,涞水县,涞水,河北省,保定市
130624,阜平县,阜平,河北省,保定市
130626,定兴县,定兴,河北省,保定市
130627,唐县,唐,河北省,保定市
130628,高阳县,高阳,河北省,保定市
130629,容城县,容城,河北省,保定市
130630,涞源县,涞源,河北省,保定市
130631,望都县,望都,河北省,保定市
130632,安新县,安新,河北省,保定市
130633,易县,易,河北省,保定市
130634,曲阳县,曲阳,河北省,保定市
130635,蠡县,蠡,河北省,保定市
130636,顺平县,顺平,河北省,保定市
130637,博野县,博野,河北省,保定市
130638,雄县,雄,河北省,保定市
130681,涿州市,涿州,河北省,保定市
130682,定州市,定州,河北省,保定市
130683,安国市,安国,河北省,保定市
130684,高碑店市,高碑店,河北省,保定市
130702,桥东区,桥东,河北省,张家口市
130703,桥西区,桥西,河北省,张家口市
130705,宣化区,宣化,河北省,张家口市
130706,下花园区,下花园,河北省,张家口市
130708,万全区,万全,河北省,张家口市
130709,崇礼区,崇礼,河北省,张家口市
130722,张北县,张北,河北省,张家口市
130723,康保县,康保,河北省,张家口市
130724,沽源县,沽源,河北省,张家口市
130725,尚义县,尚义,河北省,张家口市
130726,蔚县,蔚,河北省,张家口市
130727,阳原县,阳原,河北省,张家口市
130728,怀安县,怀安,河北省,张家口市
130730,怀来县,怀来,河北省,张家口市
130731,涿鹿县,涿鹿,河北省,张家口市
130732,赤城县,赤城,河北省,张家口市
130802,双桥区,双桥,河北省,承德市
130803,双滦区,双滦,河北省,承德市
130804,鹰手营子矿区,鹰手营子,河北省,承德市
130821,承德县,承德,河北省,承德市
130822,兴隆县,兴隆,河北省,承德市
130824,滦平县,滦平,河北省,承德市
130825,隆化县,隆化,河北省,承德市
130826,丰宁满族自治县,丰宁,河北省,承德市
130827,宽城满族自治县,宽城,河北省,承德市
130828,围场满族蒙古族自治县,围场,河北省,承德市
130881,平泉市,平泉,河北省,承德市
130902,新华区,新华,河北省,沧州市
130903,运河区,运河,河北省,沧州市
130921,沧县,沧,河北省,沧州市
130922,青县,青,河北省,沧州市
130923,东光县,东光,河北省,沧州市
130924,海兴县,海兴,河北省,沧州市
130925,盐山县,盐山,河北省,沧州市
130926,肃宁县,肃宁,河北省,沧州市
130927,南皮县,南皮,河北省,沧州市
130928,吴桥县,吴桥,河北省,沧州市
130929,献县,献,河北省,沧州市
130930,孟村回族自治县,孟村,河北省,沧州市
130981,泊头市,泊头,河北省,沧州市
130982,任丘市,任丘,河北省,沧州市
130983,黄骅市,黄骅,河北省,沧州市
130984,河间市,河间,河北省,沧州市
131002,安次区,安次,河北省,廊坊市
131003,广阳区,广阳,河北省,廊坊市
131022,固安县,固安,河北省,廊坊市
131023,永清县,永清,河北省,廊坊市
131024,香河县,香河,河北省,廊坊市
131025,大城县,大城,河北省,廊坊市
131026,文安县,文安,河北省,廊坊市
131028,大厂回族自治县,大厂,河北省,廊坊市
131081,霸州市,霸州,河北省,廊坊市
131082,三河市,三河,河北省,廊坊市
131102,桃城区,桃城,河北省,衡水市
131103,冀州区,冀州,河北省,衡水市
131121,枣强县,枣强,河北省,衡水市
131122,武邑县,武邑,河北省,衡水市
131123,武强县,武强,河北省,衡水市
131124,饶阳县,饶阳,河北省,衡水市
131125,安平县,安平,河北省,衡水市
131126,故城县,故城,河北省,衡水市
131127,景县,景,河北省,衡水市
131128,阜城县,阜城,河北省,衡水市
131182,深州市,深州,河北省,衡水市
140105,小店区,小店,山西省,太原市
140106,迎泽区,迎泽,山西省,太原市
140107,杏花岭区,杏花岭,山西省,太原市
140108,尖草坪区,尖草坪,山西省,太原市
140109,万柏林区,万柏林,山西省,太原市
140110,晋源区,晋源,山西省,太原市
140121,清徐县,清徐,山西省,太原市
140122,阳曲县,阳曲,山西省,太原市
140123,娄烦县,娄烦,山西省,太原市
140181,古交市,古交,山西省,太原市
140212,新荣区,新荣,山西省,大同市
140213,平城区,平城,山西省,大同市
140214,云冈区,云冈,山西省,大同市
140215,云州区,云州,山西省,大同市
140221,阳高县,阳高,山西省,大同市
140222,天镇县,天镇,山西省,大同市
140223,广灵县,广灵,山西省,大同市
140224,灵丘县,灵丘,山西省,大同市
140225,浑源县,浑源,山西省,大同市
140226,左云县,左云,山西省,大同市
140302,城区,,山西省,阳泉市
140303,矿区,,山西省,阳泉市
140311,郊区,,山西省,阳泉市
140321,平定县,平定,山西省,阳泉市
140322,盂县,盂,山西省,阳泉市
140403,潞州区,潞州,山西省,长治市
140404,上党区,上党,山西省,长治市
140405,屯留区,屯留,山西省,长治市
140406,潞城区,潞城,山西省,长治市
140423,襄垣县,襄垣,山西省,长治市
140425,平顺县,平顺,山西省,长治市
140426,黎城县,黎城,山西省,长治市
140427,壶关县,壶关,山西省,长治市
140428,长子县,长子,山西省,长治市
140429,武乡县,武乡,山西省,长治市
140430,沁县,沁,山西省,长治市
140431,沁源县,沁源,山西省,长治市
140502,城区,,山西省,晋城市
140521,沁水县,沁水,山西省,晋城市
140522,阳城县,阳城,山西省,晋城市
140524,陵川县,陵川,山西省,晋城市
140525,泽州县,泽州,山西省,晋城市
140581,高平市,高平,山西省,晋城市
140602,朔城区,朔城,山西省,朔州市
140603,平鲁区,平鲁,山西省,朔州市
140621,山阴县,山阴,山西省,朔州市
140622,应县,应,山西省,朔州市
140623,右玉县,右玉,山西省,朔州市
140681,怀仁市,怀仁,山西省,朔州市
140702,榆次区,榆次,山西省,晋中市
140703,太谷区,太谷,山西省,晋中市
140721,榆社县,榆社,山西省,晋中市
140722,左权县,左权,山西省,晋中市
140723,和顺县,和顺,山西省,晋中市
140724,昔阳县,昔阳,山西省,晋中市
140725,寿阳县,寿阳,山西省,晋中市
140727,祁县,祁,山西省,晋中市
140728,平遥县,平遥,山西省,晋中市
140729,灵石县,灵石,山西省,晋中市
140781,介休市,介休,山西省,晋中市
140802,盐湖区,盐湖,山西省,运城市
140821,临猗县,临猗,山西省,运城市
140822,万荣县,万荣,山西省,运城市
140823,闻喜县,闻喜,山西省,运城市
140824,稷山县,稷山,山西省,运城市
140825,新绛县,新绛,山西省,运城市
140826,绛县,绛,山西省,运城市
140827,垣曲县,垣曲,山西省,运城市
140828,夏县,夏,山西省,运城市
140829,平陆县,平陆,山西省,运城市
140830,芮城县,芮城,山西省,运城市
140881,永济市,永济,山西省,运城市
140882,河津市,河津,山西省,运城市
140902,忻府区,忻府,山西省,忻州市
140921,定襄县,定襄,山西省,忻州市
140922,五台县,五台,山西省,忻州市
140923,代县,代,山西省,忻州市
140924,繁峙县,繁峙,山西省,忻州市
140925,宁武县,宁武,山西省,忻州市
140926,静乐县,静乐,山西省,忻州市
140927,神池县,神池,山西省,忻州市
140928,五寨县,五寨,山西省,忻州市
140929,岢岚县,岢岚,山西省,忻州市
140930,河曲县,河曲,山西省,忻州市
140931,保德县,保德,山西省,忻州市
140932,偏关县,偏关,山西省,忻州市
140981,原平市,原平,山西省,忻州市
141002,尧都区,尧都,山西省,临汾市
141021,曲沃县,曲沃,山西省,临汾市
141022,翼城县,翼城,山西省,临汾市
141023,襄汾县,襄汾,山西省,临汾市
141024,洪洞县,洪洞,山西省,临汾市
141025,古县,古,山西省,临汾市
141026,安泽县,安泽,山西省,临汾市
141027,浮山县,浮山,山西省,临汾市
141028,吉县,吉,山西省,临汾市
141029,乡宁县,乡宁,山西省,临汾市
141030,大宁县,大宁,山西省,临汾市
141031,隰县,隰,山西省,临汾市
141032,永和县,永和,山西省,临汾市
141033,蒲县,蒲,山西省,临汾市
141034,汾西县,汾西,山西省,临汾市
141081,侯马市,侯马,山西省,临汾市
141082,霍州市,霍州,山西省,临汾市
141102,离石区,离石,山西省,吕梁市
141121,文水县,文水,山西省,吕梁市
141122,交城县,交城,山西省,吕梁市
141123,兴县,兴,山西省,吕梁市
141124,临县,临,山西省,吕梁市
141125,柳林县,柳林,山西省,吕梁市
141126,石楼县,石楼,山西省,吕梁市
141127,岚县,岚,山西省,吕梁市
141128,方山县,方山,山西省,吕梁市
141129,中阳县,中阳,山西省,吕梁市
141130,交口县,交口,山西省,吕梁市
141181,孝义市,孝义,山西省,吕梁市
141182,汾阳市,汾阳,山西省,吕梁市
150102,新城区,新城,内蒙古自治区,呼和浩特市
150103,回民区,回民,内蒙古自治区,呼和浩特市
150104,玉泉区,玉泉,内蒙古自治区,呼和浩特市
150105,赛罕区,赛罕,内蒙古自治区,呼和浩特市
150121,土默特左旗,土默特左,内蒙古自治区,呼和浩特市
150122,托克托县,托克托,内蒙古自治区,呼和浩特市
150123,和林格尔县,和林格尔,内蒙古自治区,呼和浩特市
150124,清水河县,清水河,内蒙古自治区,呼和浩特市
150125,武川县,武川,内蒙古自治区,呼和浩特市
150202,东河区,东河,内蒙古自治区,包头市
150203,昆都仑区,昆都仑,内蒙古自治区,包头市
150204,青山区,青山,内蒙古自治区,包头市
150205,石拐区,石拐,内蒙古自治区,包头市
150206,白云鄂博矿区,白云鄂博,内蒙古自治区,包头市
150207,九原区,九原,内蒙古自治区,包头市
150221,土默特右旗,土默特右,内蒙古自治区,包头市
150222,固阳县,固阳,内蒙古自治区,包头市
150223,达尔罕茂明安联合旗,达尔罕茂明安,内蒙古自治区,包头市
150302,海勃湾区,海勃湾,内蒙古自治区,乌海市
150303,海南区,海南,内蒙古自治区,乌海市
150304,乌达区,乌达,内蒙古自治区,乌海市
150402,红山区,红山,内蒙古自治区,赤峰市
150403,元宝山区,元宝山,内蒙古自治区,赤峰市
150404,松山区,松山,内蒙古自治区,赤峰市
150421,阿鲁科尔沁旗,阿鲁科尔沁,内蒙古自治区,赤峰市
150422,巴林左旗,巴林左,内蒙古自治区,赤峰市
150423,巴林右旗,巴林右,内蒙古自治区,赤峰市
150424,林西县,林西,内蒙古自治区,赤峰市
150425,克什克腾旗,克什克腾,内蒙古自治区,赤峰市
150426,翁牛特旗,翁牛特,内蒙古自治区,赤峰市
150428,喀喇沁旗,喀喇沁,内蒙古自治区,赤峰市
150429,宁城县,宁城,内蒙古自治区,赤峰市
150430,敖汉旗,敖汉,内蒙古自治区,赤峰市
150502,科尔沁区,科尔沁,内蒙古自治区,通辽市
150521,科尔沁左翼中旗,科尔沁左翼中,内蒙古自治区,通辽市
150522,科尔沁左翼后旗,科尔沁左翼后,内蒙古自治区,通辽市
150523,开鲁县,开鲁,内蒙古自治区,通辽市
150524,库伦旗,库伦,内蒙古自治区,通辽市
150525,奈曼旗,奈曼,内蒙古自治区,通辽市
150526,扎鲁特旗,扎鲁特,内蒙古自治区,通辽市
150581,霍林郭勒市,霍林郭勒,内蒙古自治区,通辽市
150602,东胜区,东胜,内蒙古自治区,鄂尔多斯市
150603,康巴什区,康巴什,内蒙古自治区,鄂尔多斯市
150621,达拉特旗,达拉特,内蒙古自治区,鄂尔多斯市
150622,准格尔旗,准格尔,内蒙古自治区,鄂尔多斯市
150623,鄂托克前旗,鄂托克前,内蒙古自治区,鄂尔多斯市
150624,鄂托克旗,鄂托克,内蒙古自治区,鄂尔多斯市
150625,杭锦旗,杭锦,内蒙古自治区,鄂尔多斯市
150626,乌审旗,乌审,内蒙古自治区,鄂尔多斯市
150627,伊金霍洛旗,伊金霍洛,内蒙古自治区,鄂尔多斯市
150702,海拉尔区,海拉尔,内蒙古自治区,呼伦贝尔市
150703,扎赉诺尔区,扎赉诺尔,内蒙古自治区,呼伦贝尔市
150721,阿荣旗,阿荣,内蒙古自治区,呼伦贝尔市
150722,莫力达瓦达斡尔族自治旗,莫力达瓦,内蒙古自治区,呼伦贝尔市
150723,鄂伦春自治旗,鄂伦春,内蒙古自治区,呼伦贝尔市
150724,鄂温克族自治旗,鄂温克族,内蒙古自治区,呼伦贝尔市
150725,陈巴尔虎旗,陈巴尔虎,内蒙古自治区,呼伦贝尔市
150726,新巴尔虎左旗,新巴尔虎左,内蒙古自治区,呼伦贝尔市
150727,新巴尔虎右旗,新巴尔虎右,内蒙古自治区,呼伦贝尔市
150781,满洲里市,满洲里,内蒙古自治区,呼伦贝尔市
150782,牙克石市,牙克石,内蒙古自治区,呼伦贝尔市
150783,扎兰屯市,扎兰屯,内蒙古自治区,呼伦贝尔市
150784,额尔古纳市,额尔古纳,内蒙古自治区,呼伦贝尔市
150785,根河市,根河,内蒙古自治区,呼伦贝尔市
150802,临河区,临河,内蒙古自治区,巴彦淖尔市
150821,五原县,五原,内蒙古自治区,巴彦淖尔市
150822,磴口县,磴口,内蒙古自治区,巴彦淖尔市
150823,乌拉特前旗,乌拉特前,内蒙古自治区,巴彦淖尔市
150824,乌拉特中旗,乌拉特中,内蒙古自治区,巴彦淖尔市
150825,乌拉特后旗,乌拉特后,内蒙古自治区,巴彦淖尔市
150826,杭锦后旗,杭锦后,内蒙古自治区,巴彦淖尔市
150902,集宁区,集宁,内蒙古自治区,乌兰察布市
150921,卓资县,卓资,内蒙古自治区,乌兰察布市
150922,化德县,化德,内蒙古自治区,乌兰察布市
150923,商都县,商都,内蒙古自治区,乌兰察布市
150924,兴和县,兴和,内蒙古自治区,乌兰察布市
150925,凉城县,凉城,内蒙古自治区,乌兰察布市
150926,察哈尔右翼前旗,察哈尔右翼前,内蒙古自治区,乌兰察布市
150927,察哈尔右翼中旗,察哈尔右翼中,内蒙古自治区,乌兰察布市
150928,察哈尔右翼后旗,察哈尔右翼后,内蒙古自治区,乌兰察布市
150929,四子王旗,四子王,内蒙古自治区,乌兰察布市
150981,丰镇市,丰镇,内蒙古自治区,乌兰察布市
152201,乌兰浩特市,乌兰浩特,内蒙古自治区,兴安盟
152202,阿尔山市,阿尔山,内蒙古自治区,兴安盟
152221,科尔沁右翼前旗,科尔沁右翼前,内蒙古自治区,兴安盟
152222,科尔沁右翼中旗,科尔沁右翼中,内蒙古自治区,兴安盟
152223,扎赉特旗,扎赉特,内蒙古自治区,兴安盟
152224,突泉县,突泉,内蒙古自治区,兴安盟
152501,二连浩特市,二连浩特,内蒙古自治区,锡林郭勒盟
152502,锡林浩特市,锡林浩特,内蒙古自治区,锡林郭勒盟
152522,阿巴嘎旗,阿巴嘎,内蒙古自治区,锡林郭勒盟
152523,苏尼特左旗,苏尼特左,内蒙古自治区,锡林郭勒盟
152524,苏尼特右旗,苏尼特右,内蒙古自治区,锡林郭勒盟
152525,东乌珠穆沁旗,东乌珠穆沁,内蒙古自治区,锡林郭勒盟
152526,西乌珠穆沁旗,西乌珠穆沁,内蒙古自治区,锡林郭勒盟
152527,太仆寺旗,太仆寺,内蒙古自治区,锡林郭勒盟
152528,镶黄旗,镶黄,内蒙古自治区,锡林郭勒盟
152529,正镶白旗,正镶白,内蒙古自治区,锡林郭勒盟
152530,正蓝旗,正蓝,内蒙古自治区,锡林郭勒盟
152531,多伦县,多伦,内蒙古自治区,锡林郭勒盟
152921,阿拉善左旗,阿拉善左,内蒙古自治区,阿拉善盟
152922,阿拉善右旗,阿拉善右,内蒙古自治区,阿拉善盟
152923,额济纳旗,额济纳,内蒙古自治区,阿拉善盟
210102,和平区,和平,辽宁省,沈阳市
210103,沈河区,沈河,辽宁省,沈阳市
210104,大东区,大东,辽宁省,沈阳市
210105,皇姑区,皇姑,辽宁省,沈阳市
210106,铁西区,铁西,辽宁省,沈阳市
210111,苏家屯区,苏家屯,辽宁省,沈阳市
210112,浑南区,浑南,辽宁省,沈阳市
210113,沈北新区,沈北,辽宁省,沈阳市
210114,于洪区,于洪,辽宁省,沈阳市
210115,辽中区,辽中,辽宁省,沈阳市
210123,康平县,康平,辽宁省,沈阳市
210124,法库县,法库,辽宁省,沈阳市
210181,新民市,新民,辽宁省,沈阳市
210202,中山区,中山,辽宁省,大连市
210203,西岗区,西岗,辽宁省,大连市
210204,沙河口区,沙河口,辽宁省,大连市
210211,甘井子区,甘井子,辽宁省,大连市
210212,旅顺口区,旅顺口,辽宁省,大连市
210213,金州区,金州,辽宁省,大连市
210214,普兰店区,普兰店,辽宁省,大连市
210224,长海县,长海,辽宁省,大连市
210281,瓦房店市,瓦房店,辽宁省,大连市
210283,庄河市,庄河,辽宁省,大连市
210302,铁东区,铁东,辽宁省,鞍山市
210303,铁西区,铁西,辽宁省,鞍山市
210304,立山区,立山,辽宁省,鞍山市
210311,千山区,千山,辽宁省,鞍山市
210321,台安县,台安,辽宁省,鞍山市
210323,岫岩满族自治县,岫岩,辽宁省,鞍山市
210381,海城市,海城,辽宁省,鞍山市
210402,新抚区,新抚,辽宁省,抚顺市
210403,东洲区,东洲,辽宁省,抚顺市
210404,望花区,望花,辽宁省,抚顺市
210411,顺城区,顺城,辽宁省,抚顺市
210421,抚顺县,抚顺,辽宁省,抚顺市
210422,新宾满族自治县,新宾,辽宁省,抚顺市
210423,清原满族自治县,清原,辽宁省,抚顺市
210502,平山区,平山,辽宁省,本溪市
210503,溪湖区,溪湖,辽宁省,本溪市
210504,明山区,明山,辽宁省,本溪市
210505,南芬区,南芬,辽宁省,本溪市
210521,本溪满族自治县,本溪,辽宁省,本溪市
210522,桓仁满族自治县,桓仁,辽宁省,本溪市
210602,元宝区,元宝,辽宁省,丹东市
210603,振兴区,振兴,辽宁省,丹东市
210604,振安区,振安,辽宁省,丹东市
210624,宽甸满族自治县,宽甸,辽宁省,丹东市
210681,东港市,东港,辽宁省,丹东市
210682,凤城市,凤城,辽宁省,丹东市
210702,古塔区,古塔,辽宁省,锦州市
210703,凌河区,凌河,辽宁省,锦州市
210711,太和区,太和,辽宁省,锦州市
210726,黑山县,黑山,辽宁省,锦州市
210727,义县,义,辽宁省,锦州市
210781,凌海市,凌海,辽宁省,锦州市
210782,北镇市,北镇,辽宁省,锦州市
210802,站前区,站前,辽宁省,营口市
210803,西市区,西市,辽宁省,营口市
210804,鲅鱼圈区,鲅鱼圈,辽宁省,营口市
210811,老边区,老边,辽宁省,营口市
210881,盖州市,盖州,辽宁省,营口市
210882,大石桥市,大石桥,辽宁省,营口市
210902,海州区,海州,辽宁省,阜新市
210903,新邱区,新邱,辽宁省,阜新市
210904,太平区,太平,辽宁省,阜新市
210905,清河门区,清河门,辽宁省,阜新市
210911,细河区,细河,辽宁省,阜新市
210921,阜新蒙古族自治县,阜新,辽宁省,阜新市
210922,彰武县,彰武,辽宁省,阜新市
211002,白塔区,白塔,辽宁省,辽阳市
211003,文圣区,文圣,辽宁省,辽阳市
211004,宏伟区,宏伟,辽宁省,辽阳市
211005,弓长岭区,弓长岭,辽宁省,辽阳市
211011,太子河区,太子河,辽宁省,辽阳市
211021,辽阳县,辽阳,辽宁省,辽阳市
211081,灯塔市,灯塔,辽宁省,辽阳市
211102,双台子区,双台子,辽宁省,盘锦市
211103,兴隆台区,兴隆台,辽宁省,盘锦市
211104,大洼区,大洼,辽宁省,盘锦市
211122,盘山县,盘山,辽宁省,盘锦市
211202,银州区,银州,辽宁省,铁岭市
211204,清河区,清河,辽宁省,铁岭市
211221,铁岭县,铁岭,辽宁省,铁岭市
211223,西丰县,西丰,辽宁省,铁岭市
211224,昌图县,昌图,辽宁省,铁岭市
211281,调兵山市,调兵山,辽宁省,铁岭市
211282,开原市,开原,辽宁省,铁岭市
211302,双塔区,双塔,辽宁省,朝阳市
211303,龙城区,龙城,辽宁省,朝阳市
211321,朝阳县,朝阳,辽宁省,朝阳市
211322,建平县,建平,辽宁省,朝阳市
211324,喀喇沁左翼蒙古族自治县,喀喇沁左翼,辽宁省,朝阳市
211381,北票市,北票,辽宁省,朝阳市
211382,凌源市,凌源,辽宁省,朝阳市
211402,连山区,连山,辽宁省,葫芦岛市
211403,龙港区,龙港,辽宁省,葫芦岛市
211404,南票区,南票,辽宁省,葫芦岛市
211421,绥中县,绥中,辽宁省,葫芦岛市
211422,建昌县,建昌,辽宁省,葫芦岛市
211481,兴城市,兴城,辽宁省,葫芦岛市
220102,南关区,南关,吉林省,长春市
220103,宽城区,宽城,吉林省,长春市
220104,朝阳区,朝阳,吉林省,长春市
220105,二道区,二道,吉林省,长春市
220106,绿园区,绿园,吉林省,长春市
220112,双阳区,双阳,吉林省,长春市
220113,九台区,九台,吉林省,长春市
220122,农安县,农安,吉林省,长春市
220182,榆树市,榆树,吉林省,长春市
220183,德惠市,德惠,吉林省,长春市
220184,公主岭市,公主岭,吉林省,长春市
220202,昌邑区,昌邑,吉林省,吉林市
220203,龙潭区,龙潭,吉林省,吉林市
220204,船营区,船营,吉林省,吉林市
220211,丰满区,丰满,吉林省,吉林市
220221,永吉县,永吉,吉林省,吉林市
220281,蛟河市,蛟河,吉林省,吉林市
220282,桦甸市,桦甸,吉林省,吉林市
220283,舒兰市,舒兰,吉林省,吉林市
220284,磐石市,磐石,吉林省,吉林市
220302,铁西区,铁西,吉林省,四平市
220303,铁东区,铁东,吉林省,四平市
220322,梨树县,梨树,吉林省,四平市
220323,伊通满族自治县,伊通,吉林省,四平市
220382,双辽市,双辽,吉林省,四平市
220402,龙山区,龙山,吉林省,辽源市
220403,西安区,西安,吉林省,辽源市
220421,东丰县,东丰,吉林省,辽源市
220422,东辽县,东辽,吉林省,辽源市
220502,东昌区,东昌,吉林省,通化市
220503,二道江区,二道江,吉林省,通化市
220521,通化县,通化,吉林省,通化市
220523,辉南县,辉南,吉林省,通化市
220524,柳河县,柳河,吉林省,通化市
220581,梅河口市,梅河口,吉林省,通化市
220582,集安市,集安,吉林省,通化市
220602,浑江区,浑江,吉林省,白山市
220605,江源区,江源,吉林省,白山市
220621,抚松县,抚松,吉林省,白山市
220622,靖宇县,靖宇,吉林省,白山市
220623,长白朝鲜族自治县,长白,吉林省,白山市
220681,临江市,临江,吉林省,白山市
220702,宁江区,宁江,吉林省,松原市
220721,前郭尔罗斯蒙古族自治县,前郭尔罗斯,吉林省,松原市
220722,长岭县,长岭,吉林省,松原市
220723,乾安县,乾安,吉林省,松原市
220781,扶余市,扶余,吉林省,松原市
220802,洮北区,洮北,吉林省,白城市
220821,镇赉县,镇赉,吉林省,白城市
220822,通榆县,通榆,吉林省,白城市
220881,洮南市,洮南,吉林省,白城市
220882,大安市,大安,吉林省,白城市
222401,延吉市,延吉,吉林省,延边朝鲜族自治州
222402,图们市,图们,吉林省,延边朝鲜族自治州
222403,敦化市,敦化,吉林省,延边朝鲜族自治州
222404,珲春市,珲春,吉林省,延边朝鲜族自治州
222405,龙井市,龙井,吉林省,延边朝鲜族自治州
222406,和龙市,和龙,吉林省,延边朝鲜族自治州
222424,汪清县,汪清,吉林省,延边朝鲜族自治州
222426,安图县,安图,吉林省,延边朝鲜族自治州
230102,道里区,道里,黑龙江省,哈尔滨市
230103,南岗区,南岗,黑龙江省,哈尔滨市
230104,道外区,道外,黑龙江省,哈尔滨市
230108,平房区,平房,黑龙江省,哈尔滨市
230109,松北区,松北,黑龙江省,哈尔滨市
230110,香坊区,香坊,黑龙江省,哈尔滨市
230111,呼兰区,呼兰,黑龙江省,哈尔滨市
230112,阿城区,阿城,黑龙江省,哈尔滨市
230113,双城区,双城,黑龙江省,哈尔滨市
230123,依兰县,依兰,黑龙江省,哈尔滨市
230124,方正县,方正,黑龙江省,哈尔滨市
230125,宾县,宾,黑龙江省,哈尔滨市
230126,巴彦县,巴彦,黑龙江省,哈尔滨市
230127,木兰县,木兰,黑龙江省,哈尔滨市
230128,通河县,通河,黑龙江省,哈尔滨市
230129,延寿县,延寿,黑龙江省,哈尔滨市
230183,尚志市,尚志,黑龙江省,哈尔滨市
230184,五常市,五常,黑龙江省,哈尔滨市
230202,龙沙区,龙沙,黑龙江省,齐齐哈尔市
230203,建华区,建华,黑龙江省,齐齐哈尔市
230204,铁锋区,铁锋,黑龙江省,齐齐哈尔市
230205,昂昂溪区,昂昂溪,黑龙江省,齐齐哈尔市
230206,富拉尔基区,富拉尔基,黑龙江省,齐齐哈尔市
230207,碾子山区,碾子山,黑龙江省,齐齐哈尔市
230208,梅里斯达斡尔族区,梅里斯,黑龙江省,齐齐哈尔市
230221,龙江县,龙江,黑龙江省,齐齐哈尔市
230223,依安县,依安,黑龙江省,齐齐哈尔市
230224,泰来县,泰来,黑龙江省,齐齐哈尔市
230225,甘南县,甘南,黑龙江省,齐齐哈尔市
230227,富裕县,富裕,黑龙江省,齐齐哈尔市
230229,克山县,克山,黑龙江省,齐齐哈尔市
230230,克东县,克东,黑龙江省,齐齐哈尔市
230231,拜泉县,拜泉,黑龙江省,齐齐哈尔市
230281,讷河市,讷河,黑龙江省,齐齐哈尔市
230302,鸡冠区,鸡冠,黑龙江省,鸡西市
230303,恒山区,恒山,黑龙江省,鸡西市
230304,滴道区,滴道,黑龙江省,鸡西市
230305,梨树区,梨树,黑龙江省,鸡西市
230306,城子河区,城子河,黑龙江省,鸡西市
230307,麻山区,麻山,黑龙江省,鸡西市
230321,鸡东县,鸡东,黑龙江省,鸡西市
230381,虎林市,虎林,黑龙江省,鸡西市
230382,密山市,密山,黑龙江省,鸡西市
230402,向阳区,向阳,黑龙江省,鹤岗市
230403,工农区,工农,黑龙江省,鹤岗市
230404,南山区,南山,黑龙江省,鹤岗市
230405,兴安区,兴安,黑龙江省,鹤岗市
230406,东山区,东山,黑龙江省,鹤岗市
230407,兴山区,兴山,黑龙江省,鹤岗市
230421,萝北县,萝北,黑龙江省,鹤岗市
230422,绥滨县,绥滨,黑龙江省,鹤岗市
230502,尖山区,尖山,黑龙江省,双鸭山市
230503,岭东区,岭东,黑龙江省,双鸭山市
230505,四方台区,四方台,黑龙江省,双鸭山市
230506,宝山区,宝山,黑龙江省,双鸭山市
230521,集贤县,集贤,黑龙江省,双鸭山市
230522,友谊县,友谊,黑龙江省,双鸭山市
230523,宝清县,宝清,黑龙江省,双鸭山市
230524,饶河县,饶河,黑龙江省,双鸭山市
230602,萨尔图区,萨尔图,黑龙江省,大庆市
230603,龙凤区,龙凤,黑龙江省,大庆市
230604,让胡路区,让胡路,黑龙江省,大庆市
230605,红岗区,红岗,黑龙江省,大庆市
230606,大同区,大同,黑龙江省,大庆市
230621,肇州县,肇州,黑龙江省,大庆市
230622,肇源县,肇源,黑龙江省,大庆市
230623,林甸县,林甸,黑龙江省,大庆市
230624,杜尔伯特蒙古族自治县,杜尔伯特,黑龙江省,大庆市
230717,伊美区,伊美,黑龙江省,伊春市
230718,乌翠区,乌翠,黑龙江省,伊春市
230719,友好区,友好,黑龙江省,伊春市
230722,嘉荫县,嘉荫,黑龙江省,伊春市
230723,汤旺县,汤旺,黑龙江省,伊春市
230724,丰林县,丰林,黑龙江省,伊春市
230725,大箐山县,大箐山,黑龙江省,伊春市
230726,南岔县,南岔,黑龙江省,伊春市
230751,金林区,金林,黑龙江省,伊春市
230781,铁力市,铁力,黑龙江省,伊春市
230803,向阳区,向阳,黑龙江省,佳木斯市
230804,前进区,前进,黑龙江省,佳木斯市
230805,东风区,东风,黑龙江省,佳木斯市
230811,郊区,,黑龙江省,佳木斯市
230822,桦南县,桦南,黑龙江省,佳木斯市
230826,桦川县,桦川,黑龙江省,佳木斯市
230828,汤原县,汤原,黑龙江省,佳木斯市
230881,同江市,同江,黑龙江省,佳木斯市
230882,富锦市,富锦,黑龙江省,佳木斯市
230883,抚远市,抚远,黑龙江省,佳木斯市
230902,新兴区,新兴,黑龙江省,七台河市
230903,桃山区,桃山,黑龙江省,七台河市
230904,茄子河区,茄子河,黑龙江省,七台河市
230921,勃利县,勃利,黑龙江省,七台河市
231002,东安区,东安,黑龙江省,牡丹江市
231003,阳明区,阳明,黑龙江省,牡丹江市
231004,爱民区,爱民,黑龙江省,牡丹江市
231005,西安区,西安,黑龙江省,牡丹江市
231025,林口县,林口,黑龙江省,牡丹江市
231081,绥芬河市,绥芬河,黑龙江省,牡丹江市
231083,海林市,海林,黑龙江省,牡丹江市
231084,宁安市,宁安,黑龙江省,牡丹江市
231085,穆棱市,穆棱,黑龙江省,牡丹江市
231086,东宁市,东宁,黑龙江省,牡丹江市
231102,爱辉区,爱辉,黑龙江省,黑河市
231123,逊克县,逊克,黑龙江省,黑河市
231124,孙吴县,孙吴,黑龙江省,黑河市
231181,北安市,北安,黑龙江省,黑河市
231182,五大连池市,五大连池,黑龙江省,黑河市
231183,嫩江市,嫩江,黑龙江省,黑河市
231202,北林区,北林,黑龙江省,绥化市
231221,望奎县,望奎,黑龙江省,绥化市
231222,兰西县,兰西,黑龙江省,绥化市
231223,青冈县,青冈,黑龙江省,绥化市
231224,庆安县,庆安,黑龙江省,绥化市
231225,明水县,明水,黑龙江省,绥化市
231226,绥棱县,绥棱,黑龙江省,绥化市
231281,安达市,安达,黑龙江省,绥化市
231282,肇东市,肇东,黑龙江省,绥化市
231283,海伦市,海伦,黑龙江省,绥化市
232701,漠河市,漠河,黑龙江省,大兴安岭地区
232721,呼玛县,呼玛,黑龙江省,大兴安岭地区
232722,塔河县,塔河,黑龙江省,大兴安岭地区
310101,黄浦区,黄浦,上海市,（直辖）
310104,徐汇区,徐汇,上海市,（直辖）
310105,长宁区,长宁,上海市,（直辖）
310106,静安区,静安,上海市,（直辖）
310107,普陀区,普陀,上海市,（直辖）
310109,虹口区,虹口,上海市,（直辖）
310110,杨浦区,杨浦,上海市,（直辖）
310112,闵行区,闵行,上海市,（直辖）
310113,宝山区,宝山,上海市,（直辖）
310114,嘉定区,嘉定,上海市,（直辖）
310115,浦东新区,浦东,上海市,（直辖）
310116,金山区,金山,上海市,（直辖）
310117,松江区,松江,上海市,（直辖）
310118,青浦区,青浦,上海市,（直辖）
310120,奉贤区,奉贤,上海市,（直辖）
310151,崇明区,崇明,上海市,（直辖）
320102,玄武区,玄武,江苏省,南京市
320104,秦淮区,秦淮,江苏省,南京市
320105,建邺区,建邺,江苏省,南京市
320106,鼓楼区,鼓楼,江苏省,南京市
320111,浦口区,浦口,江苏省,南京市
320113,栖霞区,栖霞,江苏省,南京市
320114,雨花台区,雨花台,江苏省,南京市
320115,江宁区,江宁,江苏省,南京市
320116,六合区,六合,江苏省,南京市
320117,溧水区,溧水,江苏省,南京市
320118,高淳区,高淳,江苏省,南京市
320205,锡山区,锡山,江苏省,无锡市
320206,惠山区,惠山,江苏省,无锡市
320211,滨湖区,滨湖,江苏省,无锡市
320213,梁溪区,梁溪,江苏省,无锡市
320214,新吴区,新吴,江苏省,无锡市
320281,江阴市,江阴,江苏省,无锡市
320282,宜兴市,宜兴,江苏省,无锡市
320302,鼓楼区,鼓楼,江苏省,徐州市
320303,云龙区,云龙,江苏省,徐州市
320305,贾汪区,贾汪,江苏省,徐州市
320311,泉山区,泉山,江苏省,徐州市
320312,铜山区,铜山,江苏省,徐州市
320321,丰县,丰,江苏省,徐州市
320322,沛县,沛,江苏省,徐州市
320324,睢宁县,睢宁,江苏省,徐州市
320381,新沂市,新沂,江苏省,徐州市
320382,邳州市,邳州,江苏省,徐州市
320402,天宁区,天宁,江苏省,常州市
320404,钟楼区,钟楼,江苏省,常州市
320411,新北区,新北,江苏省,常州市
320412,武进区,武进,江苏省,常州市
320413,金坛区,金坛,江苏省,常州市
320481,溧阳市,溧阳,江苏省,常州市
320505,虎丘区,虎丘,江苏省,苏州市
320506,吴中区,吴中,江苏省,苏州市
320507,相城区,相城,江苏省,苏州市
320508,姑苏区,姑苏,江苏省,苏州市
320509,吴江区,吴江,江苏省,苏州市
320581,常熟市,常熟,江苏省,苏州市
320582,张家港市,张家港,江苏省,苏州市
320583,昆山市,昆山,江苏省,苏州市
320585,太仓市,太仓,江苏省,苏州市
320612,通州区,通州,江苏省,南通市
320613,崇川区,崇川,江苏省,南通市
320614,海门区,海门,江苏省,南通市
320623,如东县,如东,江苏省,南通市
320681,启东市,启东,江苏省,南通市
320682,如皋市,如皋,江苏省,南通市
320685,海安市,海安,江苏省,南通市
320703,连云区,连云,江苏省,连云港市
320706,海州区,海州,江苏省,连云港市
320707,赣榆区,赣榆,江苏省,连云港市
320722,东海县,东海,江苏省,连云港市
320723,灌云县,灌云,江苏省,连云港市
320724,灌南县,灌南,江苏省,连云港市
320803,淮安区,淮安,江苏省,淮安市
320804,淮阴区,淮阴,江苏省,淮安市
320812,清江浦区,清江浦,江苏省,淮安市
320813,洪泽区,洪泽,江苏省,淮安市
320826,涟水县,涟水,江苏省,淮安市
320830,盱眙县,盱眙,江苏省,淮安市
320831,金湖县,金湖,江苏省,淮安市
320902,亭湖区,亭湖,江苏省,盐城市
320903,盐都区,盐都,江苏省,盐城市
320904,大丰区,大丰,江苏省,盐城市
320921,响水县,响水,江苏省,盐城市
320922,滨海县,滨海,江苏省,盐城市
320923,阜宁县,阜宁,江苏省,盐城市
320924,射阳县,射阳,江苏省,盐城市
320925,建湖县,建湖,江苏省,盐城市
320981,东台市,东台,江苏省,盐城市
321002,广陵区,广陵,江苏省,扬州市
321003,邗江区,邗江,江苏省,扬州市
321012,江都区,江都,江苏省,扬州市
321023,宝应县,宝应,江苏省,扬州市
321081,仪征市,仪征,江苏省,扬州市
321084,高邮市,高邮,江苏省,扬州市
321102,京口区,京口,江苏省,镇江市
321111,润州区,润州,江苏省,镇江市
321112,丹徒区,丹徒,江苏省,镇江市
321181,丹阳市,丹阳,江苏省,镇江市
321182,扬中市,扬中,江苏省,镇江市
321183,句容市,句容,江苏省,镇江市
321202,海陵区,海陵,江苏省,泰州市
321203,高港区,高港,江苏省,泰州市
321204,姜堰区,姜堰,江苏省,泰州市
321281,兴化市,兴化,江苏省,泰州市
321282,靖江市,靖江,江苏省,泰州市
321283,泰兴市,泰兴,江苏省,泰州市
321302,宿城区,宿城,江苏省,宿迁市
321311,宿豫区,宿豫,江苏省,宿迁市
321322,沭阳县,沭阳,江苏省,宿迁市
321323,泗阳县,泗阳,江苏省,宿迁市
321324,泗洪县,泗洪,江苏省,宿迁市
330102,上城区,上城,浙江省,杭州市
330105,拱墅区,拱墅,浙江省,杭州市
330106,西湖区,西湖,浙江省,杭州市
330108,滨江区,滨江,浙江省,杭州市
330109,萧山区,萧山,浙江省,杭州市
330110,余杭区,余杭,浙江省,杭州市
330111,富阳区,富阳,浙江省,杭州市
330112,临安区,临安,浙江省,杭州市
330113,临平区,临平,浙江省,杭州市
330114,钱塘区,钱塘,浙江省,杭州市
330122,桐庐县,桐庐,浙江省,杭州市
330127,淳安县,淳安,浙江省,杭州市
330182,建德市,建德,浙江省,杭州市
330203,海曙区,海曙,浙江省,宁波市
330205,江北区,江北,浙江省,宁波市
330206,北仑区,北仑,浙江省,宁波市
330211,镇海区,镇海,浙江省,宁波市
330212,鄞州区,鄞州,浙江省,宁波市
330213,奉化区,奉化,浙江省,宁波市
330225,象山县,象山,浙江省,宁波市
330226,宁海县,宁海,浙江省,宁波市
330281,余姚市,余姚,浙江省,宁波市
330282,慈溪市,慈溪,浙江省,宁波市
330302,鹿城区,鹿城,浙江省,温州市
330303,龙湾区,龙湾,浙江省,温州市
330304,瓯海区,瓯海,浙江省,温州市
330305,洞头区,洞头,浙江省,温州市
330324,永嘉县,永嘉,浙江省,温州市
330326,平阳县,平阳,浙江省,温州市
330327,苍南县,苍南,浙江省,温州市
330328,文成县,文成,浙江省,温州市
330329,泰顺县,泰顺,浙江省,温州市
330381,瑞安市,瑞安,浙江省,温州市
330382,乐清市,乐清,浙江省,温州市
330383,龙港市,龙港,浙江省,温州市
330402,南湖区,南湖,浙江省,嘉兴市
330411,秀洲区,秀洲,浙江省,嘉兴市
330421,嘉善县,嘉善,浙江省,嘉兴市
330424,海盐县,海盐,浙江省,嘉兴市
330481,海宁市,海宁,浙江省,嘉兴市
330482,平湖市,平湖,浙江省,嘉兴市
330483,桐乡市,桐乡,浙江省,嘉兴市
330502,吴兴区,吴兴,浙江省,湖州市
330503,南浔区,南浔,浙江省,湖州市
330521,德清县,德清,浙江省,湖州市
330522,长兴县,长兴,浙江省,湖州市
330523,安吉县,安吉,浙江省,湖州市
330602,越城区,越城,浙江省,绍兴市
330603,柯桥区,柯桥,浙江省,绍兴市
330604,上虞区,上虞,浙江省,绍兴市
330624,新昌县,新昌,浙江省,绍兴市
330681,诸暨市,诸暨,浙江省,绍兴市
330683,嵊州市,嵊州,浙江省,绍兴市
330702,婺城区,婺城,浙江省,金华市
330703,金东区,金东,浙江省,金华市
330723,武义县,武义,浙江省,金华市
330726,浦江县,浦江,浙江省,金华市
330727,磐安县,磐安,浙江省,金华市
330781,兰溪市,兰溪,浙江省,金华市
330782,义乌市,义乌,浙江省,金华市
330783,东阳市,东阳,浙江省,金华市
330784,永康市,永康,浙江省,金华市
330802,柯城区,柯城,浙江省,衢州市
330803,衢江区,衢江,浙江省,衢州市
330822,常山县,常山,浙江省,衢州市
330824,开化县,开化,浙江省,衢州市
330825,龙游县,龙游,浙江省,衢州市
330881,江山市,江山,浙江省,衢州市
330902,定海区,定海,浙江省,舟山市
330903,普陀区,普陀,浙江省,舟山市
330921,岱山县,岱山,浙江省,舟山市
330922,嵊泗县,嵊泗,浙江省,舟山市
331002,椒江区,椒江,浙江省,台州市
331003,黄岩区,黄岩,浙江省,台州市
331004,路桥区,路桥,浙江省,台州市
331022,三门县,三门,浙江省,台州市
331023,天台县,天台,浙江省,台州市
331024,仙居县,仙居,浙江省,台州市
331081,温岭市,温岭,浙江省,台州市
331082,临海市,临海,浙江省,台州市
331083,玉环市,玉环,浙江省,台州市
331102,莲都区,莲都,浙江省,丽水市
331121,青田县,青田,浙江省,丽水市
331122,缙云县,缙云,浙江省,丽水市
331123,遂昌县,遂昌,浙江省,丽水市
331124,松阳县,松阳,浙江省,丽水市
331125,云和县,云和,浙江省,丽水市
331126,庆元县,庆元,浙江省,丽水市
331127,景宁畲族自治县,景宁,浙江省,丽水市
331181,龙泉市,龙泉,浙江省,丽水市
340102,瑶海区,瑶海,安徽省,合肥市
340103,庐阳区,庐阳,安徽省,合肥市
340104,蜀山区,蜀山,安徽省,合肥市
340111,包河区,包河,安徽省,合肥市
340121,长丰县,长丰,安徽省,合肥市
340122,肥东县,肥东,安徽省,合肥市
340123,肥西县,肥西,安徽省,合肥市
340124,庐江县,庐江,安徽省,合肥市
340181,巢湖市,巢湖,安徽省,合肥市
340202,镜湖区,镜湖,安徽省,芜湖市
340207,鸠江区,鸠江,安徽省,芜湖市
340209,弋江区 ,弋江,安徽省,芜湖市
340210,湾沚区 ,湾沚,安徽省,芜湖市
340212,繁昌区,繁昌,安徽省,芜湖市
340223,南陵县,南陵,安徽省,芜湖市
340281,无为市,无为,安徽省,芜湖市
340302,龙子湖区,龙子湖,安徽省,蚌埠市
340303,蚌山区,蚌山,安徽省,蚌埠市
340304,禹会区,禹会,安徽省,蚌埠市
340311,淮上区,淮上,安徽省,蚌埠市
340321,怀远县,怀远,安徽省,蚌埠市
340322,五河县,五河,安徽省,蚌埠市
340323,固镇县,固镇,安徽省,蚌埠市
340402,大通区,大通,安徽省,淮南市
340403,田家庵区,田家庵,安徽省,淮南市
340404,谢家集区,谢家集,安徽省,淮南市
340405,八公山区,八公山,安徽省,淮南市
340406,潘集区,潘集,安徽省,淮南市
340421,凤台县,凤台,安徽省,淮南市
340422,寿县,寿,安徽省,淮南市
340503,花山区,花山,安徽省,马鞍山市
340504,雨山区,雨山,安徽省,马鞍山市
340506,博望区,博望,安徽省,马鞍山市
340521,当涂县,当涂,安徽省,马鞍山市
340522,含山县,含山,安徽省,马鞍山市
340523,和县,和,安徽省,马鞍山市
340602,杜集区,杜集,安徽省,淮北市
340603,相山区,相山,安徽省,淮北市
340604,烈山区,烈山,安徽省,淮北市
340621,濉溪县,濉溪,安徽省,淮北市
340705,铜官区,铜官,安徽省,铜陵市
340706,义安区,义安,安徽省,铜陵市
340711,郊区,,安徽省,铜陵市
340722,枞阳县,枞阳,安徽省,铜陵市
340802,迎江区,迎江,安徽省,安庆市
340803,大观区,大观,安徽省,安庆市
340811,宜秀区,宜秀,安徽省,安庆市
340822,怀宁县,怀宁,安徽省,安庆市
340825,太湖县,太湖,安徽省,安庆市
340826,宿松县,宿松,安徽省,安庆市
340827,望江县,望江,安徽省,安庆市
340828,岳西县,岳西,安徽省,安庆市
340881,桐城市,桐城,安徽省,安庆市
340882,潜山市,潜山,安徽省,安庆市
341002,屯溪区,屯溪,安徽省,黄山市
341003,黄山区,黄山,安徽省,黄山市
341004,徽州区,徽州,安徽省,黄山市
341021,歙县,歙,安徽省,黄山市
341022,休宁县,休宁,安徽省,黄山市
341023,黟县,黟,安徽省,黄山市
341024,祁门县,祁门,安徽省,黄山市
341102,琅琊区,琅琊,安徽省,滁州市
341103,南谯区,南谯,安徽省,滁州市
341122,来安县,来安,安徽省,滁州市
341124,全椒县,全椒,安徽省,滁州市
341125,定远县,定远,安徽省,滁州市
341126,凤阳县,凤阳,安徽省,滁州市
341181,天长市,天长,安徽省,滁州市
341182,明光市,明光,安徽省,滁州市
341202,颍州区,颍州,安徽省,阜阳市
341203,颍东区,颍东,安徽省,阜阳市
341204,颍泉区,颍泉,安徽省,阜阳市
341221,临泉县,临泉,安徽省,阜阳市
341222,太和县,太和,安徽省,阜阳市
341225,阜南县,阜南,安徽省,阜阳市
341226,颍上县,颍上,安徽省,阜阳市
341282,界首市,界首,安徽省,阜阳市
341302,埇桥区,埇桥,安徽省,宿州市
341321,砀山县,砀山,安徽省,宿州市
341322,萧县,萧,安徽省,宿州市
341323,灵璧县,灵璧,安徽省,宿州市
341324,泗县,泗,安徽省,宿州市
341502,金安区,金安,安徽省,六安市
341503,裕安区,裕安,安徽省,六安市
341504,叶集区,叶集,安徽省,六安市
341522,霍邱县,霍邱,安徽省,六安市
341523,舒城县,舒城,安徽省,六安市
341524,金寨县,金寨,安徽省,六安市
341525,霍山县,霍山,安徽省,六安市
341602,谯城区,谯城,安徽省,亳州市
341621,涡阳县,涡阳,安徽省,亳州市
341622,蒙城县,蒙城,安徽省,亳州市
341623,利辛县,利辛,安徽省,亳州市
341702,贵池区,贵池,安徽省,池州市
341721,东至县,东至,安徽省,池州市
341722,石台县,石台,安徽省,池州市
341723,青阳县,青阳,安徽省,池州市
341802,宣州区,宣州,安徽省,宣城市
341821,郎溪县,郎溪,安徽省,宣城市
341823,泾县,泾,安徽省,宣城市
341824,绩溪县,绩溪,安徽省,宣城市
341825,旌德县,旌德,安徽省,宣城市
341881,宁国市,宁国,安徽省,宣城市
341882,广德市,广德,安徽省,宣城市
350102,鼓楼区,鼓楼,福建省,福州市
350103,台江区,台江,福建省,福州市
350104,仓山区,仓山,福建省,福州市
350105,马尾区,马尾,福建省,福州市
350111,晋安区,晋安,福建省,福州市
350112,长乐区,长乐,福建省,福州市
350121,闽侯县,闽侯,福建省,福州市
350122,连江县,连江,福建省,福州市
350123,罗源县,罗源,福建省,福州市
350124,闽清县,闽清,福建省,福州市
350125,永泰县,永泰,福建省,福州市
350128,平潭县,平潭,福建省,福州市
350181,福清市,福清,福建省,福州市
350203,思明区,思明,福建省,厦门市
350205,海沧区,海沧,福建省,厦门市
350206,湖里区,湖里,福建省,厦门市
350211,集美区,集美,福建省,厦门市
350212,同安区,同安,福建省,厦门市
350213,翔安区,翔安,福建省,厦门市
350302,城厢区,城厢,福建省,莆田市
350303,涵江区,涵江,福建省,莆田市
350304,荔城区,荔城,福建省,莆田市
350305,秀屿区,秀屿,福建省,莆田市
350322,仙游县,仙游,福建省,莆田市
350404,三元区,三元,福建省,三明市
350405,沙县区,沙县,福建省,三明市
350421,明溪县,明溪,福建省,三明市
350423,清流县,清流,福建省,三明市
350424,宁化县,宁化,福建省,三明市
350425,大田县,大田,福建省,三明市
350426,尤溪县,尤溪,福建省,三明市
350428,将乐县,将乐,福建省,三明市
350429,泰宁县,泰宁,福建省,三明市
350430,建宁县,建宁,福建省,三明市
350481,永安市,永安,福建省,三明市
350502,鲤城区,鲤城,福建省,泉州市
350503,丰泽区,丰泽,福建省,泉州市
350504,洛江区,洛江,福建省,泉州市
350505,泉港区,泉港,福建省,泉州市
350521,惠安县,惠安,福建省,泉州市
350524,安溪县,安溪,福建省,泉州市
350525,永春县,永春,福建省,泉州市
350526,德化县,德化,福建省,泉州市
350527,金门县,金门,福建省,泉州市
350581,石狮市,石狮,福建省,泉州市
350582,晋江市,晋江,福建省,泉州市
350583,南安市,南安,福建省,泉州市
350602,芗城区,芗城,福建省,漳州市
350603,龙文区,龙文,福建省,漳州市
350604,龙海区,龙海,福建省,漳州市
350605,长泰区,长泰,福建省,漳州市
350622,云霄县,云霄,福建省,漳州市
350623,漳浦县,漳浦,福建省,漳州市
350624,诏安县,诏安,福建省,漳州市
350626,东山县,东山,福建省,漳州市
350627,南靖县,南靖,福建省,漳州市
350628,平和县,平和,福建省,漳州市
350629,华安县,华安,福建省,漳州市
350702,延平区,延平,福建省,南平市
350703,建阳区,建阳,福建省,南平市
350721,顺昌县,顺昌,福建省,南平市
350722,浦城县,浦城,福建省,南平市
350723,光泽县,光泽,福建省,南平市
350724,松溪县,松溪,福建省,南平市
350725,政和县,政和,福建省,南平市
350781,邵武市,邵武,福建省,南平市
350782,武夷山市,武夷山,福建省,南平市
350783,建瓯市,建瓯,福建省,南平市
350802,新罗区,新罗,福建省,龙岩市
350803,永定区,永定,福建省,龙岩市
350821,长汀县,长汀,福建省,龙岩市
350823,上杭县,上杭,福建省,龙岩市
350824,武平县,武平,福建省,龙岩市
350825,连城县,连城,福建省,龙岩市
350881,漳平市,漳平,福建省,龙岩市
350902,蕉城区,蕉城,福建省,宁德市
350921,霞浦县,霞浦,福建省,宁德市
350922,古田县,古田,福建省,宁德市
350923,屏南县,屏南,福建省,宁德市
350924,寿宁县,寿宁,福建省,宁德市
350925,周宁县,周宁,福建省,宁德市
350926,柘荣县,柘荣,福建省,宁德市
350981,福安市,福安,福建省,宁德市
350982,福鼎市,福鼎,福建省,宁德市
360102,东湖区,东湖,江西省,南昌市
360103,西湖区,西湖,江西省,南昌市
360104,青云谱区,青云谱,江西省,南昌市
360111,青山湖区,青山湖,江西省,南昌市
360112,新建区,新建,江西省,南昌市
360113,红谷滩区,红谷滩,江西省,南昌市
360121,南昌县,南昌,江西省,南昌市
360123,安义县,安义,江西省,南昌市
360124,进贤县,进贤,江西省,南昌市
360202,昌江区,昌江,江西省,景德镇市
360203,珠山区,珠山,江西省,景德镇市
360222,浮梁县,浮梁,江西省,景德镇市
360281,乐平市,乐平,江西省,景德镇市
360302,安源区,安源,江西省,萍乡市
360313,湘东区,湘东,江西省,萍乡市
360321,莲花县,莲花,江西省,萍乡市
360322,上栗县,上栗,江西省,萍乡市
360323,芦溪县,芦溪,江西省,萍乡市
360402,濂溪区,濂溪,江西省,九江市
360403,浔阳区,浔阳,江西省,九江市
360404,柴桑区,柴桑,江西省,九江市
360423,武宁县,武宁,江西省,九江市
360424,修水县,修水,江西省,九江市
360425,永修县,永修,江西省,九江市
360426,德安县,德安,江西省,九江市
360428,都昌县,都昌,江西省,九江市
360429,湖口县,湖口,江西省,九江市
360430,彭泽县,彭泽,江西省,九江市
360481,瑞昌市,瑞昌,江西省,九江市
360482,共青城市,共青城,江西省,九江市
360483,庐山市,庐山,江西省,九江市
360502,渝水区,渝水,江西省,新余市
360521,分宜县,分宜,江西省,新余市
360602,月湖区,月湖,江西省,鹰潭市
360603,余江区,余江,江西省,鹰潭市
360681,贵溪市,贵溪,江西省,鹰潭市
360702,章贡区,章贡,江西省,赣州市
360703,南康区,南康,江西省,赣州市
360704,赣县区,赣县,江西省,赣州市
360722,信丰县,信丰,江西省,赣州市
360723,大余县,大余,江西省,赣州市
360724,上犹县,上犹,江西省,赣州市
360725,崇义县,崇义,江西省,赣州市
360726,安远县,安远,江西省,赣州市
360728,定南县,定南,江西省,赣州市
360729,全南县,全南,江西省,赣州市
360730,宁都县,宁都,江西省,赣州市
360731,于都县,于都,江西省,赣州市
360732,兴国县,兴国,江西省,赣州市
360733,会昌县,会昌,江西省,赣州市
360734,寻乌县,寻乌,江西省,赣州市
360735,石城县,石城,江西省,赣州市
360781,瑞金市,瑞金,江西省,赣州市
360783,龙南市,龙南,江西省,赣州市
360802,吉州区,吉州,江西省,吉安市
360803,青原区,青原,江西省,吉安市
360821,吉安县,吉安,江西省,吉安市
360822,吉水县,吉水,江西省,吉安市
360823,峡江县,峡江,江西省,吉安市
360824,新干县,新干,江西省,吉安市
360825,永丰县,永丰,江西省,吉安市
360826,泰和县,泰和,江西省,吉安市
360827,遂川县,遂川,江西省,吉安市
360828,万安县,万安,江西省,吉安市
360829,安福县,安福,江西省,吉安市
360830,永新县,永新,江西省,吉安市
360881,井冈山市,井冈山,江西省,吉安市
360902,袁州区,袁州,江西省,宜春市
360921,奉新县,奉新,江西省,宜春市
360922,万载县,万载,江西省,宜春市
360923,上高县,上高,江西省,宜春市
360924,宜丰县,宜丰,江西省,宜春市
360925,靖安县,靖安,江西省,宜春市
360926,铜鼓县,铜鼓,江西省,宜春市
360981,丰城市,丰城,江西省,宜春市
360982,樟树市,樟树,江西省,宜春市
360983,高安市,高安,江西省,宜春市
361002,临川区,临川,江西省,抚州市
361003,东乡区,东乡,江西省,抚州市
361021,南城县,南城,江西省,抚州市
361022,黎川县,黎川,江西省,抚州市
361023,南丰县,南丰,江西省,抚州市
361024,崇仁县,崇仁,江西省,抚州市
361025,乐安县,乐安,江西省,抚州市
361026,宜黄县,宜黄,江西省,抚州市
361027,金溪县,金溪,江西省,抚州市
361028,资溪县,资溪,江西省,抚州市
361030,广昌县,广昌,江西省,抚州市
361102,信州区,信州,江西省,上饶市
361103,广丰区,广丰,江西省,上饶市
361104,广信区,广信,江西省,上饶市
361123,玉山县,玉山,江西省,上饶市
361124,铅山县,铅山,江西省,上饶市
361125,横峰县,横峰,江西省,上饶市
361126,弋阳县,弋阳,江西省,上饶市
361127,余干县,余干,江西省,上饶市
361128,鄱阳县,鄱阳,江西省,上饶市
361129,万年县,万年,江西省,上饶市
361130,婺源县,婺源,江西省,上饶市
361181,德兴市,德兴,江西省,上饶市
370102,历下区,历下,山东省,济南市
370103,市中区,市中,山东省,济南市
370104,槐荫区,槐荫,山东省,济南市
370105,天桥区,天桥,山东省,济南市
370112,历城区,历城,山东省,济南市
370113,长清区,长清,山东省,济南市
370114,章丘区,章丘,山东省,济南市
370115,济阳区,济阳,山东省,济南市
370116,莱芜区,莱芜,山东省,济南市
370117,钢城区,钢城,山东省,济南市
370124,平阴县,平阴,山东省,济南市
370126,商河县,商河,山东省,济南市
370202,市南区,市南,山东省,青岛市
370203,市北区,市北,山东省,青岛市
370211,黄岛区,黄岛,山东省,青岛市
370212,崂山区,崂山,山东省,青岛市
370213,李沧区,李沧,山东省,青岛市
370214,城阳区,城阳,山东省,青岛市
370215,即墨区,即墨,山东省,青岛市
370281,胶州市,胶州,山东省,青岛市
370283,平度市,平度,山东省,青岛市
370285,莱西市,莱西,山东省,青岛市
370302,淄川区,淄川,山东省,淄博市
370303,张店区,张店,山东省,淄博市
370304,博山区,博山,山东省,淄博市
370305,临淄区,临淄,山东省,淄博市
370306,周村区,周村,山东省,淄博市
370321,桓台县,桓台,山东省,淄博市
370322,高青县,高青,山东省,淄博市
370323,沂源县,沂源,山东省,淄博市
370402,市中区,市中,山东省,枣庄市
370403,薛城区,薛城,山东省,枣庄市
370404,峄城区,峄城,山东省,枣庄市
370405,台儿庄区,台儿庄,山东省,枣庄市
370406,山亭区,山亭,山东省,枣庄市
370481,滕州市,滕州,山东省,枣庄市
370502,东营区,东营,山东省,东营市
370503,河口区,河口,山东省,东营市
370505,垦利区,垦利,山东省,东营市
370522,利津县,利津,山东省,东营市
370523,广饶县,广饶,山东省,东营市
370602,芝罘区,芝罘,山东省,烟台市
370611,福山区,福山,山东省,烟台市
370612,牟平区,牟平,山东省,烟台市
370613,莱山区,莱山,山东省,烟台市
370614,蓬莱区,蓬莱,山东省,烟台市
370681,龙口市,龙口,山东省,烟台市
370682,莱阳市,莱阳,山东省,烟台市
370683,莱州市,莱州,山东省,烟台市
370685,招远市,招远,山东省,烟台市
370686,栖霞市,栖霞,山东省,烟台市
370687,海阳市,海阳,山东省,烟台市
370702,潍城区,潍城,山东省,潍坊市
370703,寒亭区,寒亭,山东省,潍坊市
370704,坊子区,坊子,山东省,潍坊市
370705,奎文区,奎文,山东省,潍坊市
370724,临朐县,临朐,山东省,潍坊市
370725,昌乐县,昌乐,山东省,潍坊市
370781,青州市,青州,山东省,潍坊市
370782,诸城市,诸城,山东省,潍坊市
370783,寿光市,寿光,山东省,潍坊市
370784,安丘市,安丘,山东省,潍坊市
370785,高密市,高密,山东省,潍坊市
370786,昌邑市,昌邑,山东省,潍坊市
370811,任城区,任城,山东省,济宁市
370812,兖州区,兖州,山东省,济宁市
370826,微山县,微山,山东省,济宁市
370827,鱼台县,鱼台,山东省,济宁市
370828,金乡县,金乡,山东省,济宁市
370829,嘉祥县,嘉祥,山东省,济宁市
370830,汶上县,汶上,山东省,济宁市
370831,泗水县,泗水,山东省,济宁市
370832,梁山县,梁山,山东省,济宁市
370881,曲阜市,曲阜,山东省,济宁市
370883,邹城市,邹城,山东省,济宁市
370902,泰山区,泰山,山东省,泰安市
370911,岱岳区,岱岳,山东省,泰安市
370921,宁阳县,宁阳,山东省,泰安市
370923,东平县,东平,山东省,泰安市
370982,新泰市,新泰,山东省,泰安市
370983,肥城市,肥城,山东省,泰安市
371002,环翠区,环翠,山东省,威海市
371003,文登区,文登,山东省,威海市
371082,荣成市,荣成,山东省,威海市
371083,乳山市,乳山,山东省,威海市
371102,东港区,东港,山东省,日照市
371103,岚山区,岚山,山东省,日照市
371121,五莲县,五莲,山东省,日照市
371122,莒县,莒,山东省,日照市
371302,兰山区,兰山,山东省,临沂市
371311,罗庄区,罗庄,山东省,临沂市
371312,河东区,河东,山东省,临沂市
371321,沂南县,沂南,山东省,临沂市
371322,郯城县,郯城,山东省,临沂市
371323,沂水县,沂水,山东省,临沂市
371324,兰陵县,兰陵,山东省,临沂市
371325,费县,费,山东省,临沂市
371326,平邑县,平邑,山东省,临沂市
371327,莒南县,莒南,山东省,临沂市
371328,蒙阴县,蒙阴,山东省,临沂市
371329,临沭县,临沭,山东省,临沂市
371402,德城区,德城,山东省,德州市
371403,陵城区,陵城,山东省,德州市
371422,宁津县,宁津,山东省,德州市
371423,庆云县,庆云,山东省,德州市
371424,临邑县,临邑,山东省,德州市
371425,齐河县,齐河,山东省,德州市
371426,平原县,平原,山东省,德州市
371427,夏津县,夏津,山东省,德州市
371428,武城县,武城,山东省,德州市
371481,乐陵市,乐陵,山东省,德州市
371482,禹城市,禹城,山东省,德州市
371502,东昌府区,东昌府,山东省,聊城市
371503,茌平区,茌平,山东省,聊城市
371521,阳谷县,阳谷,山东省,聊城市
371522,莘县,莘,山东省,聊城市
371524,东阿县,东阿,山东省,聊城市
371525,冠县,冠,山东省,聊城市
371526,高唐县,高唐,山东省,聊城市
371581,临清市,临清,山东省,聊城市
371602,滨城区,滨城,山东省,滨州市
371603,沾化区,沾化,山东省,滨州市
371621,惠民县,惠民,山东省,滨州市
371622,阳信县,阳信,山东省,滨州市
371623,无棣县,无棣,山东省,滨州市
371625,博兴县,博兴,山东省,滨州市
371681,邹平市,邹平,山东省,滨州市
371702,牡丹区,牡丹,山东省,菏泽市
371703,定陶区,定陶,山东省,菏泽市
371721,曹县,曹,山东省,菏泽市
371722,单县,单,山东省,菏泽市
371723,成武县,成武,山东省,菏泽市
371724,巨野县,巨野,山东省,菏泽市
371725,郓城县,郓城,山东省,菏泽市
371726,鄄城县,鄄城,山东省,菏泽市
371728,东明县,东明,山东省,菏泽市
410102,中原区,中原,河南省,郑州市
410103,二七区,二七,河南省,郑州市
410104,管城回族区,管城,河南省,郑州市
410105,金水区,金水,河南省,郑州市
410106,上街区,上街,河南省,郑州市
410108,惠济区,惠济,河南省,郑州市
410122,中牟县,中牟,河南省,郑州市
410181,巩义市,巩义,河南省,郑州市
410182,荥阳市,荥阳,河南省,郑州市
410183,新密市,新密,河南省,郑州市
410184,新郑市,新郑,河南省,郑州市
410185,登封市,登封,河南省,郑州市
410202,龙亭区,龙亭,河南省,开封市
410203,顺河回族区,顺河,河南省,开封市
410204,鼓楼区,鼓楼,河南省,开封市
410205,禹王台区,禹王台,河南省,开封市
410212,祥符区,祥符,河南省,开封市
410221,杞县,杞,河南省,开封市
410222,通许县,通许,河南省,开封市
410223,尉氏县,尉氏,河南省,开封市
410225,兰考县,兰考,河南省,开封市
410302,老城区,老城,河南省,洛阳市
410303,西工区,西工,河南省,洛阳市
410304,瀍河回族区,瀍河,河南省,洛阳市
410305,涧西区,涧西,河南省,洛阳市
410307,偃师区,偃师,河南省,洛阳市
410308,孟津区,孟津,河南省,洛阳市
410311,洛龙区,洛龙,河南省,洛阳市
410323,新安县,新安,河南省,洛阳市
410324,栾川县,栾川,河南省,洛阳市
410325,嵩县,嵩,河南省,洛阳市
410326,汝阳县,汝阳,河南省,洛阳市
410327,宜阳县,宜阳,河南省,洛阳市
410328,洛宁县,洛宁,河南省,洛阳市
410329,伊川县,伊川,河南省,洛阳市
410402,新华区,新华,河南省,平顶山市
410403,卫东区,卫东,河南省,平顶山市
410404,石龙区,石龙,河南省,平顶山市
410411,湛河区,湛河,河南省,平顶山市
410421,宝丰县,宝丰,河南省,平顶山市
410422,叶县,叶,河南省,平顶山市
410423,鲁山县,鲁山,河南省,平顶山市
410425,郏县,郏,河南省,平顶山市
410481,舞钢市,舞钢,河南省,平顶山市
410482,汝州市,汝州,河南省,平顶山市
410502,文峰区,文峰,河南省,安阳市
410503,北关区,北关,河南省,安阳市
410505,殷都区,殷都,河南省,安阳市
410506,龙安区,龙安,河南省,安阳市
410522,安阳县,安阳,河南省,安阳市
410523,汤阴县,汤阴,河南省,安阳市
410526,滑县,滑,河南省,安阳市
410527,内黄县,内黄,河南省,安阳市
410581,林州市,林州,河南省,安阳市
410602,鹤山区,鹤山,河南省,鹤壁市
410603,山城区,山城,河南省,鹤壁市
410611,淇滨区,淇滨,河南省,鹤壁市
410621,浚县,浚,河南省,鹤壁市
410622,淇县,淇,河南省,鹤壁市
410702,红旗区,红旗,河南省,新乡市
410703,卫滨区,卫滨,河南省,新乡市
410704,凤泉区,凤泉,河南省,新乡市
410711,牧野区,牧野,河南省,新乡市
410721,新乡县,新乡,河南省,新乡市
410724,获嘉县,获嘉,河南省,新乡市
410725,原阳县,原阳,河南省,新乡市
410726,延津县,延津,河南省,新乡市
410727,封丘县,封丘,河南省,新乡市
410781,卫辉市,卫辉,河南省,新乡市
410782,辉县市,辉县,河南省,新乡市
410783,长垣市,长垣,河南省,新乡市
410802,解放区,解放,河南省,焦作市
410803,中站区,中站,河南省,焦作市
410804,马村区,马村,河南省,焦作市
410811,山阳区,山阳,河南省,焦作市
410821,修武县,修武,河南省,焦作市
410822,博爱县,博爱,河南省,焦作市
410823,武陟县,武陟,河南省,焦作市
410825,温县,温,河南省,焦作市
410882,沁阳市,沁阳,河南省,焦作市
410883,孟州市,孟州,河南省,焦作市
410902,华龙区,华龙,河南省,濮阳市
410922,清丰县,清丰,河南省,濮阳市
410923,南乐县,南乐,河南省,濮阳市
410926,范县,范,河南省,濮阳市
410927,台前县,台前,河南省,濮阳市
410928,濮阳县,濮阳,河南省,濮阳市
411002,魏都区,魏都,河南省,许昌市
411003,建安区,建安,河南省,许昌市
411024,鄢陵县,鄢陵,河南省,许昌市
411025,襄城县,襄城,河南省,许昌市
411081,禹州市,禹州,河南省,许昌市
411082,长葛市,长葛,河南省,许昌市
411102,源汇区,源汇,河南省,漯河市
411103,郾城区,郾城,河南省,漯河市
411104,召陵区,召陵,河南省,漯河市
411121,舞阳县,舞阳,河南省,漯河市
411122,临颍县,临颍,河南省,漯河市
411202,湖滨区,湖滨,河南省,三门峡市
411203,陕州区,陕州,河南省,三门峡市
411221,渑池县,渑池,河南省,三门峡市
411224,卢氏县,卢氏,河南省,三门峡市
411281,义马市,义马,河南省,三门峡市
411282,灵宝市,灵宝,河南省,三门峡市
411302,宛城区,宛城,河南省,南阳市
411303,卧龙区,卧龙,河南省,南阳市
411321,南召县,南召,河南省,南阳市
411322,方城县,方城,河南省,南阳市
411323,西峡县,西峡,河南省,南阳市
411324,镇平县,镇平,河南省,南阳市
411325,内乡县,内乡,河南省,南阳市
411326,淅川县,淅川,河南省,南阳市
411327,社旗县,社旗,河南省,南阳市
411328,唐河县,唐河,河南省,南阳市
411329,新野县,新野,河南省,南阳市
411330,桐柏县,桐柏,河南省,南阳市
411381,邓州市,邓州,河南省,南阳市
411402,梁园区,梁园,河南省,商丘市
411403,睢阳区,睢阳,河南省,商丘市
411421,民权县,民权,河南省,商丘市
411422,睢县,睢,河南省,商丘市
411423,宁陵县,宁陵,河南省,商丘市
411424,柘城县,柘城,河南省,商丘市
411425,虞城县,虞城,河南省,商丘市
411426,夏邑县,夏邑,河南省,商丘市
411481,永城市,永城,河南省,商丘市
411502,浉河区,浉河,河南省,信阳市
411503,平桥区,平桥,河南省,信阳市
411521,罗山县,罗山,河南省,信阳市
411522,光山县,光山,河南省,信阳市
411523,新县,新,河南省,信阳市
411524,商城县,商城,河南省,信阳市
411525,固始县,固始,河南省,信阳市
411526,潢川县,潢川,河南省,信阳市
411527,淮滨县,淮滨,河南省,信阳市
411528,息县,息,河南省,信阳市
411602,川汇区,川汇,河南省,周口市
411603,淮阳区,淮阳,河南省,周口市
411621,扶沟县,扶沟,河南省,周口市
411622,西华县,西华,河南省,周口市
411623,商水县,商水,河南省,周口市
411624,沈丘县,沈丘,河南省,周口市
411625,郸城县,郸城,河南省,周口市
411627,太康县,太康,河南省,周口市
411628,鹿邑县,鹿邑,河南省,周口市
411681,项城市,项城,河南省,周口市
411702,驿城区,驿城,河南省,驻马店市
411721,西平县,西平,河南省,驻马店市
411722,上蔡县,上蔡,河南省,驻马店市
411723,平舆县,平舆,河南省,驻马店市
411724,正阳县,正阳,河南省,驻马店市
411725,确山县,确山,河南省,驻马店市
411726,泌阳县,泌阳,河南省,驻马店市
411727,汝南县,汝南,河南省,驻马店市
411728,遂平县,遂平,河南省,驻马店市
411729,新蔡县,新蔡,河南省,驻马店市
419001,济源市,济源,河南省,（直辖）
420102,江岸区,江岸,湖北省,武汉市
420103,江汉区,江汉,湖北省,武汉市
420104,硚口区,硚口,湖北省,武汉市
420105,汉阳区,汉阳,湖北省,武汉市
420106,武昌区,武昌,湖北省,武汉市
420107,青山区,青山,湖北省,武汉市
420111,洪山区,洪山,湖北省,武汉市
420112,东西湖区,东西湖,湖北省,武汉市
420113,汉南区,汉南,湖北省,武汉市
420114,蔡甸区,蔡甸,湖北省,武汉市
420115,江夏区,江夏,湖北省,武汉市
420116,黄陂区,黄陂,湖北省,武汉市
420117,新洲区,新洲,湖北省,武汉市
420202,黄石港区,黄石港,湖北省,黄石市
420203,西塞山区,西塞山,湖北省,黄石市
420204,下陆区,下陆,湖北省,黄石市
420205,铁山区,铁山,湖北省,黄石市
420222,阳新县,阳新,湖北省,黄石市
420281,大冶市,大冶,湖北省,黄石市
420302,茅箭区,茅箭,湖北省,十堰市
420303,张湾区,张湾,湖北省,十堰市
420304,郧阳区,郧阳,湖北省,十堰市
420322,郧西县,郧西,湖北省,十堰市
420323,竹山县,竹山,湖北省,十堰市
420324,竹溪县,竹溪,湖北省,十堰市
420325,房县,房,湖北省,十堰市
420381,丹江口市,丹江口,湖北省,十堰市
420502,西陵区,西陵,湖北省,宜昌市
420503,伍家岗区,伍家岗,湖北省,宜昌市
420504,点军区,点军,湖北省,宜昌市
420505,猇亭区,猇亭,湖北省,宜昌市
420506,夷陵区,夷陵,湖北省,宜昌市
420525,远安县,远安,湖北省,宜昌市
420526,兴山县,兴山,湖北省,宜昌市
420527,秭归县,秭归,湖北省,宜昌市
420528,长阳土家族自治县,长阳,湖北省,宜昌市
420529,五峰土家族自治县,五峰,湖北省,宜昌市
420581,宜都市,宜都,湖北省,宜昌市
420582,当阳市,当阳,湖北省,宜昌市
420583,枝江市,枝江,湖北省,宜昌市
420602,襄城区,襄城,湖北省,襄阳市
420606,樊城区,樊城,湖北省,襄阳市
420607,襄州区,襄州,湖北省,襄阳市
420624,南漳县,南漳,湖北省,襄阳市
420625,谷城县,谷城,湖北省,襄阳市
420626,保康县,保康,湖北省,襄阳市
420682,老河口市,老河口,湖北省,襄阳市
420683,枣阳市,枣阳,湖北省,襄阳市
420684,宜城市,宜城,湖北省,襄阳市
420702,梁子湖区,梁子湖,湖北省,鄂州市
420703,华容区,华容,湖北省,鄂州市
420704,鄂城区,鄂城,湖北省,鄂州市
420802,东宝区,东宝,湖北省,荆门市
420804,掇刀区,掇刀,湖北省,荆门市
420822,沙洋县,沙洋,湖北省,荆门市
420881,钟祥市,钟祥,湖北省,荆门市
420882,京山市,京山,湖北省,荆门市
420902,孝南区,孝南,湖北省,孝感市
420921,孝昌县,孝昌,湖北省,孝感市
420922,大悟县,大悟,湖北省,孝感市
420923,云梦县,云梦,湖北省,孝感市
420981,应城市,应城,湖北省,孝感市
420982,安陆市,安陆,湖北省,孝感市
420984,汉川市,汉川,湖北省,孝感市
421002,沙市区,沙市,湖北省,荆州市
421003,荆州区,荆州,湖北省,荆州市
421022,公安县,公安,湖北省,荆州市
421024,江陵县,江陵,湖北省,荆州市
421081,石首市,石首,湖北省,荆州市
421083,洪湖市,洪湖,湖北省,荆州市
421087,松滋市,松滋,湖北省,荆州市
421088,监利市,监利,湖北省,荆州市
421102,黄州区,黄州,湖北省,黄冈市
421121,团风县,团风,湖北省,黄冈市
421122,红安县,红安,湖北省,黄冈市
421123,罗田县,罗田,湖北省,黄冈市
421124,英山县,英山,湖北省,黄冈市
421125,浠水县,浠水,湖北省,黄冈市
421126,蕲春县,蕲春,湖北省,黄冈市
421127,黄梅县,黄梅,湖北省,黄冈市
421181,麻城市,麻城,湖北省,黄冈市
421182,武穴市,武穴,湖北省,黄冈市
421202,咸安区,咸安,湖北省,咸宁市
421221,嘉鱼县,嘉鱼,湖北省,咸宁市
421222,通城县,通城,湖北省,咸宁市
421223,崇阳县,崇阳,湖北省,咸宁市
421224,通山县,通山,湖北省,咸宁市
421281,赤壁市,赤壁,湖北省,咸宁市
421303,曾都区,曾都,湖北省,随州市
421321,随县,随,湖北省,随州市
421381,广水市,广水,湖北省,随州市
422801,恩施市,恩施,湖北省,恩施土家族苗族自治州
422802,利川市,利川,湖北省,恩施土家族苗族自治州
422822,建始县,建始,湖北省,恩施土家族苗族自治州
422823,巴东县,巴东,湖北省,恩施土家族苗族自治州
422825,宣恩县,宣恩,湖北省,恩施土家族苗族自治州
422826,咸丰县,咸丰,湖北省,恩施土家族苗族自治州
422827,来凤县,来凤,湖北省,恩施土家族苗族自治州
422828,鹤峰县,鹤峰,湖北省,恩施土家族苗族自治州
429004,仙桃市,仙桃,湖北省,（直辖）
429005,潜江市,潜江,湖北省,（直辖）
429006,天门市,天门,湖北省,（直辖）
429021,神农架林区,神农架林,湖北省,（直辖）
430102,芙蓉区,芙蓉,湖南省,长沙市
430103,天心区,天心,湖南省,长沙市
430104,岳麓区,岳麓,湖南省,长沙市
430105,开福区,开福,湖南省,长沙市
430111,雨花区,雨花,湖南省,长沙市
430112,望城区,望城,湖南省,长沙市
430121,长沙县,长沙,湖南省,长沙市
430181,浏阳市,浏阳,湖南省,长沙市
430182,宁乡市,宁乡,湖南省,长沙市
430202,荷塘区,荷塘,湖南省,株洲市
430203,芦淞区,芦淞,湖南省,株洲市
430204,石峰区,石峰,湖南省,株洲市
430211,天元区,天元,湖南省,株洲市
430212,渌口区,渌口,湖南省,株洲市
430223,攸县,攸,湖南省,株洲市
430224,茶陵县,茶陵,湖南省,株洲市
430225,炎陵县,炎陵,湖南省,株洲市
430281,醴陵市,醴陵,湖南省,株洲市
430302,雨湖区,雨湖,湖南省,湘潭市
430304,岳塘区,岳塘,湖南省,湘潭市
430321,湘潭县,湘潭,湖南省,湘潭市
430381,湘乡市,湘乡,湖南省,湘潭市
430382,韶山市,韶山,湖南省,湘潭市
430405,珠晖区,珠晖,湖南省,衡阳市
430406,雁峰区,雁峰,湖南省,衡阳市
430407,石鼓区,石鼓,湖南省,衡阳市
430408,蒸湘区,蒸湘,湖南省,衡阳市
430412,南岳区,南岳,湖南省,衡阳市
430421,衡阳县,衡阳,湖南省,衡阳市
430422,衡南县,衡南,湖南省,衡阳市
430423,衡山县,衡山,湖南省,衡阳市
430424,衡东县,衡东,湖南省,衡阳市
430426,祁东县,祁东,湖南省,衡阳市
430481,耒阳市,耒阳,湖南省,衡阳市
430482,常宁市,常宁,湖南省,衡阳市
430502,双清区,双清,湖南省,邵阳市
430503,大祥区,大祥,湖南省,邵阳市
430511,北塔区,北塔,湖南省,邵阳市
430522,新邵县,新邵,湖南省,邵阳市
430523,邵阳县,邵阳,湖南省,邵阳市
430524,隆回县,隆回,湖南省,邵阳市
430525,洞口县,洞口,湖南省,邵阳市
430527,绥宁县,绥宁,湖南省,邵阳市
430528,新宁县,新宁,湖南省,邵阳市
430529,城步苗族自治县,城步,湖南省,邵阳市
430581,武冈市,武冈,湖南省,邵阳市
430582,邵东市,邵东,湖南省,邵阳市
430602,岳阳楼区,岳阳楼,湖南省,岳阳市
430603,云溪区,云溪,湖南省,岳阳市
430611,君山区,君山,湖南省,岳阳市
430621,岳阳县,岳阳,湖南省,岳阳市
430623,华容县,华容,湖南省,岳阳市
430624,湘阴县,湘阴,湖南省,岳阳市
430626,平江县,平江,湖南省,岳阳市
430681,汨罗市,汨罗,湖南省,岳阳市
430682,临湘市,临湘,湖南省,岳阳市
430702,武陵区,武陵,湖南省,常德市
430703,鼎城区,鼎城,湖南省,常德市
430721,安乡县,安乡,湖南省,常德市
430722,汉寿县,汉寿,湖南省,常德市
430723,澧县,澧,湖南省,常德市
430724,临澧县,临澧,湖南省,常德市
430725,桃源县,桃源,湖南省,常德市
430726,石门县,石门,湖南省,常德市
430781,津市市,津市,湖南省,常德市
430802,永定区,永定,湖南省,张家界市
430811,武陵源区,武陵源,湖南省,张家界市
430821,慈利县,慈利,湖南省,张家界市
430822,桑植县,桑植,湖南省,张家界市
430902,资阳区,资阳,湖南省,益阳市
430903,赫山区,赫山,湖南省,益阳市
430921,南县,南,湖南省,益阳市
430922,桃江县,桃江,湖南省,益阳市
430923,安化县,安化,湖南省,益阳市
430981,沅江市,沅江,湖南省,益阳市
431002,北湖区,北湖,湖南省,郴州市
431003,苏仙区,苏仙,湖南省,郴州市
431021,桂阳县,桂阳,湖南省,郴州市
431022,宜章县,宜章,湖南省,郴州市
431023,永兴县,永兴,湖南省,郴州市
431024,嘉禾县,嘉禾,湖南省,郴州市
431025,临武县,临武,湖南省,郴州市
431026,汝城县,汝城,湖南省,郴州市
431027,桂东县,桂东,湖南省,郴州市
431028,安仁县,安仁,湖南省,郴州市
431081,资兴市,资兴,湖南省,郴州市
431102,零陵区,零陵,湖南省,永州市
431103,冷水滩区,冷水滩,湖南省,永州市
431122,东安县,东安,湖南省,永州市
431123,双牌县,双牌,湖南省,永州市
431124,道县,道,湖南省,永州市
431125,江永县,江永,湖南省,永州市
431126,宁远县,宁远,湖南省,永州市
431127,蓝山县,蓝山,湖南省,永州市
431128,新田县,新田,湖南省,永州市
431129,江华瑶族自治县,江华,湖南省,永州市
431181,祁阳市,祁阳,湖南省,永州市
431202,鹤城区,鹤城,湖南省,怀化市
431221,中方县,中方,湖南省,怀化市
431222,沅陵县,沅陵,湖南省,怀化市
431223,辰溪县,辰溪,湖南省,怀化市
431224,溆浦县,溆浦,湖南省,怀化市
431225,会同县,会同,湖南省,怀化市
431226,麻阳苗族自治县,麻阳,湖南省,怀化市
431227,新晃侗族自治县,新晃,湖南省,怀化市
431228,芷江侗族自治县,芷江,湖南省,怀化市
431229,靖州苗族侗族自治县,靖州,湖南省,怀化市
431230,通道侗族自治县,通道,湖南省,怀化市
431281,洪江市,洪江,湖南省,怀化市
431302,娄星区,娄星,湖南省,娄底市
431321,双峰县,双峰,湖南省,娄底市
431322,新化县,新化,湖南省,娄底市
431381,冷水江市,冷水江,湖南省,娄底市
431382,涟源市,涟源,湖南省,娄底市
433101,吉首市,吉首,湖南省,湘西土家族苗族自治州
433122,泸溪县,泸溪,湖南省,湘西土家族苗族自治州
433123,凤凰县,凤凰,湖南省,湘西土家族苗族自治州
433124,花垣县,花垣,湖南省,湘西土家族苗族自治州
433125,保靖县,保靖,湖南省,湘西土家族苗族自治州
433126,古丈县,古丈,湖南省,湘西土家族苗族自治州
433127,永顺县,永顺,湖南省,湘西土家族苗族自治州
433130,龙山县,龙山,湖南省,湘西土家族苗族自治州
440103,荔湾区,荔湾,广东省,广州市
440104,越秀区,越秀,广东省,广州市
440105,海珠区,海珠,广东省,广州市
440106,天河区,天河,广东省,广州市
440111,白云区,白云,广东省,广州市
440112,黄埔区,黄埔,广东省,广州市
440113,番禺区,番禺,广东省,广州市
440114,花都区,花都,广东省,广州市
440115,南沙区,南沙,广东省,广州市
440117,从化区,从化,广东省,广州市
440118,增城区,增城,广东省,广州市
440203,武江区,武江,广东省,韶关市
440204,浈江区,浈江,广东省,韶关市
440205,曲江区,曲江,广东省,韶关市
440222,始兴县,始兴,广东省,韶关市
440224,仁化县,仁化,广东省,韶关市
440229,翁源县,翁源,广东省,韶关市
440232,乳源瑶族自治县,乳源,广东省,韶关市
440233,新丰县,新丰,广东省,韶关市
440281,乐昌市,乐昌,广东省,韶关市
440282,南雄市,南雄,广东省,韶关市
440303,罗湖区,罗湖,广东省,深圳市
440304,福田区,福田,广东省,深圳市
440305,南山区,南山,广东省,深圳市
440306,宝安区,宝安,广东省,深圳市
440307,龙岗区,龙岗,广东省,深圳市
440308,盐田区,盐田,广东省,深圳市
440309,龙华区,龙华,广东省,深圳市
440310,坪山区,坪山,广东省,深圳市
440311,光明区,光明,广东省,深圳市
440402,香洲区,香洲,广东省,珠海市
440403,斗门区,斗门,广东省,珠海市
440404,金湾区,金湾,广东省,珠海市
440507,龙湖区,龙湖,广东省,汕头市
440511,金平区,金平,广东省,汕头市
440512,濠江区,濠江,广东省,汕头市
440513,潮阳区,潮阳,广东省,汕头市
440514,潮南区,潮南,广东省,汕头市
440515,澄海区,澄海,广东省,汕头市
440523,南澳县,南澳,广东省,汕头市
440604,禅城区,禅城,广东省,佛山市
440605,南海区,南海,广东省,佛山市
440606,顺德区,顺德,广东省,佛山市
440607,三水区,三水,广东省,佛山市
440608,高明区,高明,广东省,佛山市
440703,蓬江区,蓬江,广东省,江门市
440704,江海区,江海,广东省,江门市
440705,新会区,新会,广东省,江门市
440781,台山市,台山,广东省,江门市
440783,开平市,开平,广东省,江门市
440784,鹤山市,鹤山,广东省,江门市
440785,恩平市,恩平,广东省,江门市
440802,赤坎区,赤坎,广东省,湛江市
440803,霞山区,霞山,广东省,湛江市
440804,坡头区,坡头,广东省,湛江市
440811,麻章区,麻章,广东省,湛江市
440823,遂溪县,遂溪,广东省,湛江市
440825,徐闻县,徐闻,广东省,湛江市
440881,廉江市,廉江,广东省,湛江市
440882,雷州市,雷州,广东省,湛江市
440883,吴川市,吴川,广东省,湛江市
440902,茂南区,茂南,广东省,茂名市
440904,电白区,电白,广东省,茂名市
440981,高州市,高州,广东省,茂名市
440982,化州市,化州,广东省,茂名市
440983,信宜市,信宜,广东省,茂名市
441202,端州区,端州,广东省,肇庆市
441203,鼎湖区,鼎湖,广东省,肇庆市
441204,高要区,高要,广东省,肇庆市
441223,广宁县,广宁,广东省,肇庆市
441224,怀集县,怀集,广东省,肇庆市
441225,封开县,封开,广东省,肇庆市
441226,德庆县,德庆,广东省,肇庆市
441284,四会市,四会,广东省,肇庆市
441302,惠城区,惠城,广东省,惠州市
441303,惠阳区,惠阳,广东省,惠州市
441322,博罗县,博罗,广东省,惠州市
441323,惠东县,惠东,广东省,惠州市
441324,龙门县,龙门,广东省,惠州市
441402,梅江区,梅江,广东省,梅州市
441403,梅县区,梅县,广东省,梅州市
441422,大埔县,大埔,广东省,梅州市
441423,丰顺县,丰顺,广东省,梅州市
441424,五华县,五华,广东省,梅州市
441426,平远县,平远,广东省,梅州市
441427,蕉岭县,蕉岭,广东省,梅州市
441481,兴宁市,兴宁,广东省,梅州市
441502,城区,,广东省,汕尾市
441521,海丰县,海丰,广东省,汕尾市
441523,陆河县,陆河,广东省,汕尾市
441581,陆丰市,陆丰,广东省,汕尾市
441602,源城区,源城,广东省,河源市
441621,紫金县,紫金,广东省,河源市
441622,龙川县,龙川,广东省,河源市
441623,连平县,连平,广东省,河源市
441624,和平县,和平,广东省,河源市
441625,东源县,东源,广东省,河源市
441702,江城区,江城,广东省,阳江市
441704,阳东区,阳东,广东省,阳江市
441721,阳西县,阳西,广东省,阳江市
441781,阳春市,阳春,广东省,阳江市
441802,清城区,清城,广东省,清远市
441803,清新区,清新,广东省,清远市
441821,佛冈县,佛冈,广东省,清远市
441823,阳山县,阳山,广东省,清远市
441825,连山壮族瑶族自治县,连山,广东省,清远市
441826,连南瑶族自治县,连南,广东省,清远市
441881,英德市,英德,广东省,清远市
441882,连州市,连州,广东省,清远市
445102,湘桥区,湘桥,广东省,潮州市
445103,潮安区,潮安,广东省,潮州市
445122,饶平县,饶平,广东省,潮州市
445202,榕城区,榕城,广东省,揭阳市
445203,揭东区,揭东,广东省,揭阳市
445222,揭西县,揭西,广东省,揭阳市
445224,惠来县,惠来,广东省,揭阳市
445281,普宁市,普宁,广东省,揭阳市
445302,云城区,云城,广东省,云浮市
445303,云安区,云安,广东省,云浮市
445321,新兴县,新兴,广东省,云浮市
445322,郁南县,郁南,广东省,云浮市
445381,罗定市,罗定,广东省,云浮市
450102,兴宁区,兴宁,广西壮族自治区,南宁市
450103,青秀区,青秀,广西壮族自治区,南宁市
450105,江南区,江南,广西壮族自治区,南宁市
450107,西乡塘区,西乡塘,广西壮族自治区,南宁市
450108,良庆区,良庆,广西壮族自治区,南宁市
450109,邕宁区,邕宁,广西壮族自治区,南宁市
450110,武鸣区,武鸣,广西壮族自治区,南宁市
450123,隆安县,隆安,广西壮族自治区,南宁市
450124,马山县,马山,广西壮族自治区,南宁市
450125,上林县,上林,广西壮族自治区,南宁市
450126,宾阳县,宾阳,广西壮族自治区,南宁市
450181,横州市,横州,广西壮族自治区,南宁市
450202,城中区,城中,广西壮族自治区,柳州市
450203,鱼峰区,鱼峰,广西壮族自治区,柳州市
450204,柳南区,柳南,广西壮族自治区,柳州市
450205,柳北区,柳北,广西壮族自治区,柳州市
450206,柳江区,柳江,广西壮族自治区,柳州市
450222,柳城县,柳城,广西壮族自治区,柳州市
450223,鹿寨县,鹿寨,广西壮族自治区,柳州市
450224,融安县,融安,广西壮族自治区,柳州市
450225,融水苗族自治县,融水,广西壮族自治区,柳州市
450226,三江侗族自治县,三江,广西壮族自治区,柳州市
450302,秀峰区,秀峰,广西壮族自治区,桂林市
450303,叠彩区,叠彩,广西壮族自治区,桂林市
450304,象山区,象山,广西壮族自治区,桂林市
450305,七星区,七星,广西壮族自治区,桂林市
450311,雁山区,雁山,广西壮族自治区,桂林市
450312,临桂区,临桂,广西壮族自治区,桂林市
450321,阳朔县,阳朔,广西壮族自治区,桂林市
450323,灵川县,灵川,广西壮族自治区,桂林市
450324,全州县,全州,广西壮族自治区,桂林市
450325,兴安县,兴安,广西壮族自治区,桂林市
450326,永福县,永福,广西壮族自治区,桂林市
450327,灌阳县,灌阳,广西壮族自治区,桂林市
450328,龙胜各族自治县,龙胜,广西壮族自治区,桂林市
450329,资源县,资源,广西壮族自治区,桂林市
450330,平乐县,平乐,广西壮族自治区,桂林市
450332,恭城瑶族自治县,恭城,广西壮族自治区,桂林市
450381,荔浦市,荔浦,广西壮族自治区,桂林市
450403,万秀区,万秀,广西壮族自治区,梧州市
450405,长洲区,长洲,广西壮族自治区,梧州市
450406,龙圩区,龙圩,广西壮族自治区,梧州市
450421,苍梧县,苍梧,广西壮族自治区,梧州市
450422,藤县,藤,广西壮族自治区,梧州市
450423,蒙山县,蒙山,广西壮族自治区,梧州市
450481,岑溪市,岑溪,广西壮族自治区,梧州市
450502,海城区,海城,广西壮族自治区,北海市
450503,银海区,银海,广西壮族自治区,北海市
450512,铁山港区,铁山港,广西壮族自治区,北海市
450521,合浦县,合浦,广西壮族自治区,北海市
450602,港口区,港口,广西壮族自治区,防城港市
450603,防城区,防城,广西壮族自治区,防城港市
450621,上思县,上思,广西壮族自治区,防城港市
450681,东兴市,东兴,广西壮族自治区,防城港市
450702,钦南区,钦南,广西壮族自治区,钦州市
450703,钦北区,钦北,广西壮族自治区,钦州市
450721,灵山县,灵山,广西壮族自治区,钦州市
450722,浦北县,浦北,广西壮族自治区,钦州市
450802,港北区,港北,广西壮族自治区,贵港市
450803,港南区,港南,广西壮族自治区,贵港市
450804,覃塘区,覃塘,广西壮族自治区,贵港市
450821,平南县,平南,广西壮族自治区,贵港市
450881,桂平市,桂平,广西壮族自治区,贵港市
450902,玉州区,玉州,广西壮族自治区,玉林市
450903,福绵区,福绵,广西壮族自治区,玉林市
450921,容县,容,广西壮族自治区,玉林市
450922,陆川县,陆川,广西壮族自治区,玉林市
450923,博白县,博白,广西壮族自治区,玉林市
450924,兴业县,兴业,广西壮族自治区,玉林市
450981,北流市,北流,广西壮族自治区,玉林市
451002,右江区,右江,广西壮族自治区,百色市
451003,田阳区,田阳,广西壮族自治区,百色市
451022,田东县,田东,广西壮族自治区,百色市
451024,德保县,德保,广西壮族自治区,百色市
451026,那坡县,那坡,广西壮族自治区,百色市
451027,凌云县,凌云,广西壮族自治区,百色市
451028,乐业县,乐业,广西壮族自治区,百色市
451029,田林县,田林,广西壮族自治区,百色市
451030,西林县,西林,广西壮族自治区,百色市
451031,隆林各族自治县,隆林,广西壮族自治区,百色市
451081,靖西市,靖西,广西壮族自治区,百色市
451082,平果市,平果,广西壮族自治区,百色市
451102,八步区,八步,广西壮族自治区,贺州市
451103,平桂区,平桂,广西壮族自治区,贺州市
451121,昭平县,昭平,广西壮族自治区,贺州市
451122,钟山县,钟山,广西壮族自治区,贺州市
451123,富川瑶族自治县,富川,广西壮族自治区,贺州市
451202,金城江区,金城江,广西壮族自治区,河池市
451203,宜州区,宜州,广西壮族自治区,河池市
451221,南丹县,南丹,广西壮族自治区,河池市
451222,天峨县,天峨,广西壮族自治区,河池市
451223,凤山县,凤山,广西壮族自治区,河池市
451224,东兰县,东兰,广西壮族自治区,河池市
451225,罗城仫佬族自治县,罗城,广西壮族自治区,河池市
451226,环江毛南族自治县,环江,广西壮族自治区,河池市
451227,巴马瑶族自治县,巴马,广西壮族自治区,河池市
451228,都安瑶族自治县,都安,广西壮族自治区,河池市
451229,大化瑶族自治县,大化,广西壮族自治区,河池市
451302,兴宾区,兴宾,广西壮族自治区,来宾市
451321,忻城县,忻城,广西壮族自治区,来宾市
451322,象州县,象州,广西壮族自治区,来宾市
451323,武宣县,武宣,广西壮族自治区,来宾市
451324,金秀瑶族自治县,金秀,广西壮族自治区,来宾市
451381,合山市,合山,广西壮族自治区,来宾市
451402,江州区,江州,广西壮族自治区,崇左市
451421,扶绥县,扶绥,广西壮族自治区,崇左市
451422,宁明县,宁明,广西壮族自治区,崇左市
451423,龙州县,龙州,广西壮族自治区,崇左市
451424,大新县,大新,广西壮族自治区,崇左市
451425,天等县,天等,广西壮族自治区,崇左市
451481,凭祥市,凭祥,广西壮族自治区,崇左市
460105,秀英区,秀英,海南省,海口市
460106,龙华区,龙华,海南省,海口市
460107,琼山区,琼山,海南省,海口市
460108,美兰区,美兰,海南省,海口市
460202,海棠区,海棠,海南省,三亚市
460203,吉阳区,吉阳,海南省,三亚市
460204,天涯区,天涯,海南省,三亚市
460205,崖州区,崖州,海南省,三亚市
460301,西沙区,西沙,海南省,三沙市
460302,南沙区,南沙,海南省,三沙市
469001,五指山市,五指山,海南省,（直辖）
469002,琼海市,琼海,海南省,（直辖）
469005,文昌市,文昌,海南省,（直辖）
469006,万宁市,万宁,海南省,（直辖）
469007,东方市,东方,海南省,（直辖）
469021,定安县,定安,海南省,（直辖）
469022,屯昌县,屯昌,海南省,（直辖）
469023,澄迈县,澄迈,海南省,（直辖）
469024,临高县,临高,海南省,（直辖）
469025,白沙黎族自治县,白沙,海南省,（直辖）
469026,昌江黎族自治县,昌江,海南省,（直辖）
469027,乐东黎族自治县,乐东,海南省,（直辖）
469028,陵水黎族自治县,陵水,海南省,（直辖）
469029,保亭黎族苗族自治县,保亭,海南省,（直辖）
469030,琼中黎族苗族自治县,琼中,海南省,（直辖）
500101,万州区,万州,重庆市,（直辖）
500102,涪陵区,涪陵,重庆市,（直辖）
500103,渝中区,渝中,重庆市,（直辖）
500104,大渡口区,大渡口,重庆市,（直辖）
500105,江北区,江北,重庆市,（直辖）
500106,沙坪坝区,沙坪坝,重庆市,（直辖）
500107,九龙坡区,九龙坡,重庆市,（直辖）
500108,南岸区,南岸,重庆市,（直辖）
500109,北碚区,北碚,重庆市,（直辖）
500110,綦江区,綦江,重庆市,（直辖）
500111,大足区,大足,重庆市,（直辖）
500112,渝北区,渝北,重庆市,（直辖）
500113,巴南区,巴南,重庆市,（直辖）
500114,黔江区,黔江,重庆市,（直辖）
500115,长寿区,长寿,重庆市,（直辖）
500116,江津区,江津,重庆市,（直辖）
500117,合川区,合川,重庆市,（直辖）
500118,永川区,永川,重庆市,（直辖）
500119,南川区,南川,重庆市,（直辖）
500120,璧山区,璧山,重庆市,（直辖）
500151,铜梁区,铜梁,重庆市,（直辖）
500152,潼南区,潼南,重庆市,（直辖）
500153,荣昌区,荣昌,重庆市,（直辖）
500154,开州区,开州,重庆市,（直辖）
500155,梁平区,梁平,重庆市,（直辖）
500156,武隆区,武隆,重庆市,（直辖）
500229,城口县,城口,重庆市,（直辖）
500230,丰都县,丰都,重庆市,（直辖）
500231,垫江县,垫江,重庆市,（直辖）
500233,忠县,忠,重庆市,（直辖）
500235,云阳县,云阳,重庆市,（直辖）
500236,奉节县,奉节,重庆市,（直辖）
500237,巫山县,巫山,重庆市,（直辖）
500238,巫溪县,巫溪,重庆市,（直辖）
500240,石柱土家族自治县,石柱,重庆市,（直辖）
500241,秀山土家族苗族自治县,秀山,重庆市,（直辖）
500242,酉阳土家族苗族自治县,酉阳,重庆市,（直辖）
500243,彭水苗族土家族自治县,彭水,重庆市,（直辖）
510104,锦江区,锦江,四川省,成都市
510105,青羊区,青羊,四川省,成都市
510106,金牛区,金牛,四川省,成都市
510107,武侯区,武侯,四川省,成都市
510108,成华区,成华,四川省,成都市
510112,龙泉驿区,龙泉驿,四川省,成都市
510113,青白江区,青白江,四川省,成都市
510114,新都区,新都,四川省,成都市
510115,温江区,温江,四川省,成都市
510116,双流区,双流,四川省,成都市
510117,郫都区,郫都,四川省,成都市
510118,新津区,新津,四川省,成都市
510121,金堂县,金堂,四川省,成都市
510129,大邑县,大邑,四川省,成都市
510131,蒲江县,蒲江,四川省,成都市
510181,都江堰市,都江堰,四川省,成都市
510182,彭州市,彭州,四川省,成都市
510183,邛崃市,邛崃,四川省,成都市
510184,崇州市,崇州,四川省,成都市
510185,简阳市,简阳,四川省,成都市
510302,自流井区,自流井,四川省,自贡市
510303,贡井区,贡井,四川省,自贡市
510304,大安区,大安,四川省,自贡市
510311,沿滩区,沿滩,四川省,自贡市
510321,荣县,荣,四川省,自贡市
510322,富顺县,富顺,四川省,自贡市
510402,东区,,四川省,攀枝花市
510403,西区,,四川省,攀枝花市
510411,仁和区,仁和,四川省,攀枝花市
510421,米易县,米易,四川省,攀枝花市
510422,盐边县,盐边,四川省,攀枝花市
510502,江阳区,江阳,四川省,泸州市
510503,纳溪区,纳溪,四川省,泸州市
510504,龙马潭区,龙马潭,四川省,泸州市
510521,泸县,泸,四川省,泸州市
510522,合江县,合江,四川省,泸州市
510524,叙永县,叙永,四川省,泸州市
510525,古蔺县,古蔺,四川省,泸州市
510603,旌阳区,旌阳,四川省,德阳市
510604,罗江区,罗江,四川省,德阳市
510623,中江县,中江,四川省,德阳市
510681,广汉市,广汉,四川省,德阳市
510682,什邡市,什邡,四川省,德阳市
510683,绵竹市,绵竹,四川省,德阳市
510703,涪城区,涪城,四川省,绵阳市
510704,游仙区,游仙,四川省,绵阳市
510705,安州区,安州,四川省,绵阳市
510722,三台县,三台,四川省,绵阳市
510723,盐亭县,盐亭,四川省,绵阳市
510725,梓潼县,梓潼,四川省,绵阳市
510726,北川羌族自治县,北川,四川省,绵阳市
510727,平武县,平武,四川省,绵阳市
510781,江油市,江油,四川省,绵阳市
510802,利州区,利州,四川省,广元市
510811,昭化区,昭化,四川省,广元市
510812,朝天区,朝天,四川省,广元市
510821,旺苍县,旺苍,四川省,广元市
510822,青川县,青川,四川省,广元市
510823,剑阁县,剑阁,四川省,广元市
510824,苍溪县,苍溪,四川省,广元市
510903,船山区,船山,四川省,遂宁市
510904,安居区,安居,四川省,遂宁市
510921,蓬溪县,蓬溪,四川省,遂宁市
510923,大英县,大英,四川省,遂宁市
510981,射洪市,射洪,四川省,遂宁市
511002,市中区,市中,四川省,内江市
511011,东兴区,东兴,四川省,内江市
511024,威远县,威远,四川省,内江市
511025,资中县,资中,四川省,内江市
511083,隆昌市,隆昌,四川省,内江市
511102,市中区,市中,四川省,乐山市
511111,沙湾区,沙湾,四川省,乐山市
511112,五通桥区,五通桥,四川省,乐山市
511113,金口河区,金口河,四川省,乐山市
511123,犍为县,犍为,四川省,乐山市
511124,井研县,井研,四川省,乐山市
511126,夹江县,夹江,四川省,乐山市
511129,沐川县,沐川,四川省,乐山市
511132,峨边彝族自治县,峨边,四川省,乐山市
511133,马边彝族自治县,马边,四川省,乐山市
511181,峨眉山市,峨眉山,四川省,乐山市
511302,顺庆区,顺庆,四川省,南充市
511303,高坪区,高坪,四川省,南充市
511304,嘉陵区,嘉陵,四川省,南充市
511321,南部县,南部,四川省,南充市
511322,营山县,营山,四川省,南充市
511323,蓬安县,蓬安,四川省,南充市
511324,仪陇县,仪陇,四川省,南充市
511325,西充县,西充,四川省,南充市
511381,阆中市,阆中,四川省,南充市
511402,东坡区,东坡,四川省,眉山市
511403,彭山区,彭山,四川省,眉山市
511421,仁寿县,仁寿,四川省,眉山市
511423,洪雅县,洪雅,四川省,眉山市
511424,丹棱县,丹棱,四川省,眉山市
511425,青神县,青神,四川省,眉山市
511502,翠屏区,翠屏,四川省,宜宾市
511503,南溪区,南溪,四川省,宜宾市
511504,叙州区,叙州,四川省,宜宾市
511523,江安县,江安,四川省,宜宾市
511524,长宁县,长宁,四川省,宜宾市
511525,高县,高,四川省,宜宾市
511526,珙县,珙,四川省,宜宾市
511527,筠连县,筠连,四川省,宜宾市
511528,兴文县,兴文,四川省,宜宾市
511529,屏山县,屏山,四川省,宜宾市
511602,广安区,广安,四川省,广安市
511603,前锋区,前锋,四川省,广安市
511621,岳池县,岳池,四川省,广安市
511622,武胜县,武胜,四川省,广安市
511623,邻水县,邻水,四川省,广安市
511681,华蓥市,华蓥,四川省,广安市
511702,通川区,通川,四川省,达州市
511703,达川区,达川,四川省,达州市
511722,宣汉县,宣汉,四川省,达州市
511723,开江县,开江,四川省,达州市
511724,大竹县,大竹,四川省,达州市
511725,渠县,渠,四川省,达州市
511781,万源市,万源,四川省,达州市
511802,雨城区,雨城,四川省,雅安市
511803,名山区,名山,四川省,雅安市
511822,荥经县,荥经,四川省,雅安市
511823,汉源县,汉源,四川省,雅安市
511824,石棉县,石棉,四川省,雅安市
511825,天全县,天全,四川省,雅安市
511826,芦山县,芦山,四川省,雅安市
511827,宝兴县,宝兴,四川省,雅安市
511902,巴州区,巴州,四川省,巴中市
511903,恩阳区,恩阳,四川省,巴中市
511921,通江县,通江,四川省,巴中市
511922,南江县,南江,四川省,巴中市
511923,平昌县,平昌,四川省,巴中市
512002,雁江区,雁江,四川省,资阳市
512021,安岳县,安岳,四川省,资阳市
512022,乐至县,乐至,四川省,资阳市
513201,马尔康市,马尔康,四川省,阿坝藏族羌族自治州
513221,汶川县,汶川,四川省,阿坝藏族羌族自治州
513222,理县,理,四川省,阿坝藏族羌族自治州
513223,茂县,茂,四川省,阿坝藏族羌族自治州
513224,松潘县,松潘,四川省,阿坝藏族羌族自治州
513225,九寨沟县,九寨沟,四川省,阿坝藏族羌族自治州
513226,金川县,金川,四川省,阿坝藏族羌族自治州
513227,小金县,小金,四川省,阿坝藏族羌族自治州
513228,黑水县,黑水,四川省,阿坝藏族羌族自治州
513230,壤塘县,壤塘,四川省,阿坝藏族羌族自治州
513231,阿坝县,阿坝,四川省,阿坝藏族羌族自治州
513232,若尔盖县,若尔盖,四川省,阿坝藏族羌族自治州
513233,红原县,红原,四川省,阿坝藏族羌族自治州
513301,康定市,康定,四川省,甘孜藏族自治州
513322,泸定县,泸定,四川省,甘孜藏族自治州
513323,丹巴县,丹巴,四川省,甘孜藏族自治州
513324,九龙县,九龙,四川省,甘孜藏族自治州
513325,雅江县,雅江,四川省,甘孜藏族自治州
513326,道孚县,道孚,四川省,甘孜藏族自治州
513327,炉霍县,炉霍,四川省,甘孜藏族自治州
513328,甘孜县,甘孜,四川省,甘孜藏族自治州
513329,新龙县,新龙,四川省,甘孜藏族自治州
513330,德格县,德格,四川省,甘孜藏族自治州
513331,白玉县,白玉,四川省,甘孜藏族自治州
513332,石渠县,石渠,四川省,甘孜藏族自治州
513333,色达县,色达,四川省,甘孜藏族自治州
513334,理塘县,理塘,四川省,甘孜藏族自治州
513335,巴塘县,巴塘,四川省,甘孜藏族自治州
513336,乡城县,乡城,四川省,甘孜藏族自治州
513337,稻城县,稻城,四川省,甘孜藏族自治州
513338,得荣县,得荣,四川省,甘孜藏族自治州
513401,西昌市,西昌,四川省,凉山彝族自治州
513402,会理市,会理,四川省,凉山彝族自治州
513422,木里藏族自治县,木里,四川省,凉山彝族自治州
513423,盐源县,盐源,四川省,凉山彝族自治州
513424,德昌县,德昌,四川省,凉山彝族自治州
513426,会东县,会东,四川省,凉山彝族自治州
513427,宁南县,宁南,四川省,凉山彝族自治州
513428,普格县,普格,四川省,凉山彝族自治州
513429,布拖县,布拖,四川省,凉山彝族自治州
513430,金阳县,金阳,四川省,凉山彝族自治州
513431,昭觉县,昭觉,四川省,凉山彝族自治州
513432,喜德县,喜德,四川省,凉山彝族自治州
513433,冕宁县,冕宁,四川省,凉山彝族自治州
513434,越西县,越西,四川省,凉山彝族自治州
513435,甘洛县,甘洛,四川省,凉山彝族自治州
513436,美姑县,美姑,四川省,凉山彝族自治州
513437,雷波县,雷波,四川省,凉山彝族自治州
520102,南明区,南明,贵州省,贵阳市
520103,云岩区,云岩,贵州省,贵阳市
520111,花溪区,花溪,贵州省,贵阳市
520112,乌当区,乌当,贵州省,贵阳市
520113,白云区,白云,贵州省,贵阳市
520115,观山湖区,观山湖,贵州省,贵阳市
520121,开阳县,开阳,贵州省,贵阳市
520122,息烽县,息烽,贵州省,贵阳市
520123,修文县,修文,贵州省,贵阳市
520181,清镇市,清镇,贵州省,贵阳市
520201,钟山区,钟山,贵州省,六盘水市
520203,六枝特区,六枝,贵州省,六盘水市
520204,水城区,水城,贵州省,六盘水市
520281,盘州市,盘州,贵州省,六盘水市
520302,红花岗区,红花岗,贵州省,遵义市
520303,汇川区,汇川,贵州省,遵义市
520304,播州区,播州,贵州省,遵义市
520322,桐梓县,桐梓,贵州省,遵义市
520323,绥阳县,绥阳,贵州省,遵义市
520324,正安县,正安,贵州省,遵义市
520325,道真仡佬族苗族自治县,道真,贵州省,遵义市
520326,务川仡佬族苗族自治县,务川,贵州省,遵义市
520327,凤冈县,凤冈,贵州省,遵义市
520328,湄潭县,湄潭,贵州省,遵义市
520329,余庆县,余庆,贵州省,遵义市
520330,习水县,习水,贵州省,遵义市
520381,赤水市,赤水,贵州省,遵义市
520382,仁怀市,仁怀,贵州省,遵义市
520402,西秀区,西秀,贵州省,安顺市
520403,平坝区,平坝,贵州省,安顺市
520422,普定县,普定,贵州省,安顺市
520423,镇宁布依族苗族自治县,镇宁,贵州省,安顺市
520424,关岭布依族苗族自治县,关岭,贵州省,安顺市
520425,紫云苗族布依族自治县,紫云,贵州省,安顺市
520502,七星关区,七星关,贵州省,毕节市
520521,大方县,大方,贵州省,毕节市
520523,金沙县,金沙,贵州省,毕节市
520524,织金县,织金,贵州省,毕节市
520525,纳雍县,纳雍,贵州省,毕节市
520526,威宁彝族回族苗族自治县,威宁,贵州省,毕节市
520527,赫章县,赫章,贵州省,毕节市
520581,黔西市,黔西,贵州省,毕节市
520602,碧江区,碧江,贵州省,铜仁市
520603,万山区,万山,贵州省,铜仁市
520621,江口县,江口,贵州省,铜仁市
520622,玉屏侗族自治县,玉屏,贵州省,铜仁市
520623,石阡县,石阡,贵州省,铜仁市
520624,思南县,思南,贵州省,铜仁市
520625,印江土家族苗族自治县,印江,贵州省,铜仁市
520626,德江县,德江,贵州省,铜仁市
520627,沿河土家族自治县,沿河,贵州省,铜仁市
520628,松桃苗族自治县,松桃,贵州省,铜仁市
522301,兴义市,兴义,贵州省,黔西南布依族苗族自治州
522302,兴仁市,兴仁,贵州省,黔西南布依族苗族自治州
522323,普安县,普安,贵州省,黔西南布依族苗族自治州
522324,晴隆县,晴隆,贵州省,黔西南布依族苗族自治州
522325,贞丰县,贞丰,贵州省,黔西南布依族苗族自治州
522326,望谟县,望谟,贵州省,黔西南布依族苗族自治州
522327,册亨县,册亨,贵州省,黔西南布依族苗族自治州
522328,安龙县,安龙,贵州省,黔西南布依族苗族自治州
522601,凯里市,凯里,贵州省,黔东南苗族侗族自治州
522622,黄平县,黄平,贵州省,黔东南苗族侗族自治州
522623,施秉县,施秉,贵州省,黔东南苗族侗族自治州
522624,三穗县,三穗,贵州省,黔东南苗族侗族自治州
522625,镇远县,镇远,贵州省,黔东南苗族侗族自治州
522626,岑巩县,岑巩,贵州省,黔东南苗族侗族自治州
522627,天柱县,天柱,贵州省,黔东南苗族侗族自治州
522628,锦屏县,锦屏,贵州省,黔东南苗族侗族自治州
522629,剑河县,剑河,贵州省,黔东南苗族侗族自治州
522630,台江县,台江,贵州省,黔东南苗族侗族自治州
522631,黎平县,黎平,贵州省,黔东南苗族侗族自治州
522632,榕江县,榕江,贵州省,黔东南苗族侗族自治州
522633,从江县,从江,贵州省,黔东南苗族侗族自治州
522634,雷山县,雷山,贵州省,黔东南苗族侗族自治州
522635,麻江县,麻江,贵州省,黔东南苗族侗族自治州
522636,丹寨县,丹寨,贵州省,黔东南苗族侗族自治州
522701,都匀市,都匀,贵州省,黔南布依族苗族自治州
522702,福泉市,福泉,贵州省,黔南布依族苗族自治州
522722,荔波县,荔波,贵州省,黔南布依族苗族自治州
522723,贵定县,贵定,贵州省,黔南布依族苗族自治州
522725,瓮安县,瓮安,贵州省,黔南布依族苗族自治州
522726,独山县,独山,贵州省,黔南布依族苗族自治州
522727,平塘县,平塘,贵州省,黔南布依族苗族自治州
522728,罗甸县,罗甸,贵州省,黔南布依族苗族自治州
522729,长顺县,长顺,贵州省,黔南布依族苗族自治州
522730,龙里县,龙里,贵州省,黔南布依族苗族自治州
522731,惠水县,惠水,贵州省,黔南布依族苗族自治州
522732,三都水族自治县,三都,贵州省,黔南布依族苗族自治州
530102,五华区,五华,云南省,昆明市
530103,盘龙区,盘龙,云南省,昆明市
530111,官渡区,官渡,云南省,昆明市
530112,西山区,西山,云南省,昆明市
530113,东川区,东川,云南省,昆明市
530114,呈贡区,呈贡,云南省,昆明市
530115,晋宁区,晋宁,云南省,昆明市
530124,富民县,富民,云南省,昆明市
530125,宜良县,宜良,云南省,昆明市
530126,石林彝族自治县,石林,云南省,昆明市
530127,嵩明县,嵩明,云南省,昆明市
530128,禄劝彝族苗族自治县,禄劝,云南省,昆明市
530129,寻甸回族彝族自治县,寻甸,云南省,昆明市
530181,安宁市,安宁,云南省,昆明市
530302,麒麟区,麒麟,云南省,曲靖市
530303,沾益区,沾益,云南省,曲靖市
530304,马龙区,马龙,云南省,曲靖市
530322,陆良县,陆良,云南省,曲靖市
530323,师宗县,师宗,云南省,曲靖市
530324,罗平县,罗平,云南省,曲靖市
530325,富源县,富源,云南省,曲靖市
530326,会泽县,会泽,云南省,曲靖市
530381,宣威市,宣威,云南省,曲靖市
530402,红塔区,红塔,云南省,玉溪市
530403,江川区,江川,云南省,玉溪市
530423,通海县,通海,云南省,玉溪市
530424,华宁县,华宁,云南省,玉溪市
530425,易门县,易门,云南省,玉溪市
530426,峨山彝族自治县,峨山,云南省,玉溪市
530427,新平彝族傣族自治县,新平,云南省,玉溪市
530428,元江哈尼族彝族傣族自治县,元江,云南省,玉溪市
530481,澄江市,澄江,云南省,玉溪市
530502,隆阳区,隆阳,云南省,保山市
530521,施甸县,施甸,云南省,保山市
530523,龙陵县,龙陵,云南省,保山市
530524,昌宁县,昌宁,云南省,保山市
530581,腾冲市,腾冲,云南省,保山市
530602,昭阳区,昭阳,云南省,昭通市
530621,鲁甸县,鲁甸,云南省,昭通市
530622,巧家县,巧家,云南省,昭通市
530623,盐津县,盐津,云南省,昭通市
530624,大关县,大关,云南省,昭通市
530625,永善县,永善,云南省,昭通市
530626,绥江县,绥江,云南省,昭通市
530627,镇雄县,镇雄,云南省,昭通市
530628,彝良县,彝良,云南省,昭通市
530629,威信县,威信,云南省,昭通市
530681,水富市,水富,云南省,昭通市
530702,古城区,古城,云南省,丽江市
530721,玉龙纳西族自治县,玉龙,云南省,丽江市
530722,永胜县,永胜,云南省,丽江市
530723,华坪县,华坪,云南省,丽江市
530724,宁蒗彝族自治县,宁蒗,云南省,丽江市
530802,思茅区,思茅,云南省,普洱市
530821,宁洱哈尼族彝族自治县,宁洱,云南省,普洱市
530822,墨江哈尼族自治县,墨江,云南省,普洱市
530823,景东彝族自治县,景东,云南省,普洱市
530824,景谷傣族彝族自治县,景谷,云南省,普洱市
530825,镇沅彝族哈尼族拉祜族自治县,镇沅,云南省,普洱市
530826,江城哈尼族彝族自治县,江城,云南省,普洱市
530827,孟连傣族拉祜族佤族自治县,孟连,云南省,普洱市
530828,澜沧拉祜族自治县,澜沧,云南省,普洱市
530829,西盟佤族自治县,西盟,云南省,普洱市
530902,临翔区,临翔,云南省,临沧市
530921,凤庆县,凤庆,云南省,临沧市
530922,云县,云,云南省,临沧市
530923,永德县,永德,云南省,临沧市
530924,镇康县,镇康,云南省,临沧市
530925,双江拉祜族佤族布朗族傣族自治县,双江,云南省,临沧市
530926,耿马傣族佤族自治县,耿马,云南省,临沧市
530927,沧源佤族自治县,沧源,云南省,临沧市
532301,楚雄市,楚雄,云南省,楚雄彝族自治州
532302,禄丰市,禄丰,云南省,楚雄彝族自治州
532322,双柏县,双柏,云南省,楚雄彝族自治州
532323,牟定县,牟定,云南省,楚雄彝族自治州
532324,南华县,南华,云南省,楚雄彝族自治州
532325,姚安县,姚安,云南省,楚雄彝族自治州
532326,大姚县,大姚,云南省,楚雄彝族自治州
532327,永仁县,永仁,云南省,楚雄彝族自治州
532328,元谋县,元谋,云南省,楚雄彝族自治州
532329,武定县,武定,云南省,楚雄彝族自治州
532501,个旧市,个旧,云南省,红河哈尼族彝族自治州
532502,开远市,开远,云南省,红河哈尼族彝族自治州
532503,蒙自市,蒙自,云南省,红河哈尼族彝族自治州
532504,弥勒市,弥勒,云南省,红河哈尼族彝族自治州
532523,屏边苗族自治县,屏边,云南省,红河哈尼族彝族自治州
532524,建水县,建水,云南省,红河哈尼族彝族自治州
532525,石屏县,石屏,云南省,红河哈尼族彝族自治州
532527,泸西县,泸西,云南省,红河哈尼族彝族自治州
532528,元阳县,元阳,云南省,红河哈尼族彝族自治州
532529,红河县,红河,云南省,红河哈尼族彝族自治州
532530,金平苗族瑶族傣族自治县,金平,云南省,红河哈尼族彝族自治州
532531,绿春县,绿春,云南省,红河哈尼族彝族自治州
532532,河口瑶族自治县,河口,云南省,红河哈尼族彝族自治州
532601,文山市,文山,云南省,文山壮族苗族自治州
532622,砚山县,砚山,云南省,文山壮族苗族自治州
532623,西畴县,西畴,云南省,文山壮族苗族自治州
532624,麻栗坡县,麻栗坡,云南省,文山壮族苗族自治州
532625,马关县,马关,云南省,文山壮族苗族自治州
532626,丘北县,丘北,云南省,文山壮族苗族自治州
532627,广南县,广南,云南省,文山壮族苗族自治州
532628,富宁县,富宁,云南省,文山壮族苗族自治州
532801,景洪市,景洪,云南省,西双版纳傣族自治州
532822,勐海县,勐海,云南省,西双版纳傣族自治州
532823,勐腊县,勐腊,云南省,西双版纳傣族自治州
532901,大理市,大理,云南省,大理白族自治州
532922,漾濞彝族自治县,漾濞,云南省,大理白族自治州
532923,祥云县,祥云,云南省,大理白族自治州
532924,宾川县,宾川,云南省,大理白族自治州
532925,弥渡县,弥渡,云南省,大理白族自治州
532926,南涧彝族自治县,南涧,云南省,大理白族自治州
532927,巍山彝族回族自治县,巍山,云南省,大理白族自治州
532928,永平县,永平,云南省,大理白族自治州
532929,云龙县,云龙,云南省,大理白族自治州
532930,洱源县,洱源,云南省,大理白族自治州
532931,剑川县,剑川,云南省,大理白族自治州
532932,鹤庆县,鹤庆,云南省,大理白族自治州
533102,瑞丽市,瑞丽,云南省,德宏傣族景颇族自治州
533103,芒市,芒,云南省,德宏傣族景颇族自治州
533122,梁河县,梁河,云南省,德宏傣族景颇族自治州
533123,盈江县,盈江,云南省,德宏傣族景颇族自治州
533124,陇川县,陇川,云南省,德宏傣族景颇族自治州
533301,泸水市,泸水,云南省,怒江傈僳族自治州
533323,福贡县,福贡,云南省,怒江傈僳族自治州
533324,贡山独龙族怒族自治县,贡山,云南省,怒江傈僳族自治州
533325,兰坪白族普米族自治县,兰坪,云南省,怒江傈僳族自治州
533401,香格里拉市,香格里拉,云南省,迪庆藏族自治州
533422,德钦县,德钦,云南省,迪庆藏族自治州
533423,维西傈僳族自治县,维西,云南省,迪庆藏族自治州
540102,城关区,城关,西藏自治区,拉萨市
540103,堆龙德庆区,堆龙德庆,西藏自治区,拉萨市
540104,达孜区,达孜,西藏自治区,拉萨市
540121,林周县,林周,西藏自治区,拉萨市
540122,当雄县,当雄,西藏自治区,拉萨市
540123,尼木县,尼木,西藏自治区,拉萨市
540124,曲水县,曲水,西藏自治区,拉萨市
540127,墨竹工卡县,墨竹工卡,西藏自治区,拉萨市
540202,桑珠孜区,桑珠孜,西藏自治区,日喀则市
540221,南木林县,南木林,西藏自治区,日喀则市
540222,江孜县,江孜,西藏自治区,日喀则市
540223,定日县,定日,西藏自治区,日喀则市
540224,萨迦县,萨迦,西藏自治区,日喀则市
540225,拉孜县,拉孜,西藏自治区,日喀则市
540226,昂仁县,昂仁,西藏自治区,日喀则市
540227,谢通门县,谢通门,西藏自治区,日喀则市
540228,白朗县,白朗,西藏自治区,日喀则市
540229,仁布县,仁布,西藏自治区,日喀则市
540230,康马县,康马,西藏自治区,日喀则市
540231,定结县,定结,西藏自治区,日喀则市
540232,仲巴县,仲巴,西藏自治区,日喀则市
540233,亚东县,亚东,西藏自治区,日喀则市
540234,吉隆县,吉隆,西藏自治区,日喀则市
540235,聂拉木县,聂拉木,西藏自治区,日喀则市
540236,萨嘎县,萨嘎,西藏自治区,日喀则市
540237,岗巴县,岗巴,西藏自治区,日喀则市
540302,卡若区,卡若,西藏自治区,昌都市
540321,江达县,江达,西藏自治区,昌都市
540322,贡觉县,贡觉,西藏自治区,昌都市
540323,类乌齐县,类乌齐,西藏自治区,昌都市
540324,丁青县,丁青,西藏自治区,昌都市
540325,察雅县,察雅,西藏自治区,昌都市
540326,八宿县,八宿,西藏自治区,昌都市
540327,左贡县,左贡,西藏自治区,昌都市
540328,芒康县,芒康,西藏自治区,昌都市
540329,洛隆县,洛隆,西藏自治区,昌都市
540330,边坝县,边坝,西藏自治区,昌都市
540402,巴宜区,巴宜,西藏自治区,林芝市
540421,工布江达县,工布江达,西藏自治区,林芝市
540423,墨脱县,墨脱,西藏自治区,林芝市
540424,波密县,波密,西藏自治区,林芝市
540425,察隅县,察隅,西藏自治区,林芝市
540426,朗县,朗,西藏自治区,林芝市
540481,米林市,米林,西藏自治区,林芝市
540502,乃东区,乃东,西藏自治区,山南市
540521,扎囊县,扎囊,西藏自治区,山南市
540522,贡嘎县,贡嘎,西藏自治区,山南市
540523,桑日县,桑日,西藏自治区,山南市
540524,琼结县,琼结,西藏自治区,山南市
540525,曲松县,曲松,西藏自治区,山南市
540526,措美县,措美,西藏自治区,山南市
540527,洛扎县,洛扎,西藏自治区,山南市
540528,加查县,加查,西藏自治区,山南市
540529,隆子县,隆子,西藏自治区,山南市
540531,浪卡子县,浪卡子,西藏自治区,山南市
540581,错那市,错那,西藏自治区,山南市
540602,色尼区,色尼,西藏自治区,那曲市
540621,嘉黎县 ,嘉黎,西藏自治区,那曲市
540622,比如县 ,比如,西藏自治区,那曲市
540623,聂荣县 ,聂荣,西藏自治区,那曲市
540624,安多县 ,安多,西藏自治区,那曲市
540625,申扎县 ,申扎,西藏自治区,那曲市
540626,索县,索,西藏自治区,那曲市
540627,班戈县 ,班戈,西藏自治区,那曲市
540628,巴青县 ,巴青,西藏自治区,那曲市
540629,尼玛县 ,尼玛,西藏自治区,那曲市
540630,双湖县 ,双湖,西藏自治区,那曲市
542521,普兰县,普兰,西藏自治区,阿里地区
542522,札达县,札达,西藏自治区,阿里地区
542523,噶尔县,噶尔,西藏自治区,阿里地区
542524,日土县,日土,西藏自治区,阿里地区
542525,革吉县,革吉,西藏自治区,阿里地区
542526,改则县,改则,西藏自治区,阿里地区
542527,措勤县,措勤,西藏自治区,阿里地区
610102,新城区,新城,陕西省,西安市
610103,碑林区,碑林,陕西省,西安市
610104,莲湖区,莲湖,陕西省,西安市
610111,灞桥区,灞桥,陕西省,西安市
610112,未央区,未央,陕西省,西安市
610113,雁塔区,雁塔,陕西省,西安市
610114,阎良区,阎良,陕西省,西安市
610115,临潼区,临潼,陕西省,西安市
610116,长安区,长安,陕西省,西安市
610117,高陵区,高陵,陕西省,西安市
610118,鄠邑区,鄠邑,陕西省,西安市
610122,蓝田县,蓝田,陕西省,西安市
610124,周至县,周至,陕西省,西安市
610202,王益区,王益,陕西省,铜川市
610203,印台区,印台,陕西省,铜川市
610204,耀州区,耀州,陕西省,铜川市
610222,宜君县,宜君,陕西省,铜川市
610302,渭滨区,渭滨,陕西省,宝鸡市
610303,金台区,金台,陕西省,宝鸡市
610304,陈仓区,陈仓,陕西省,宝鸡市
610305,凤翔区,凤翔,陕西省,宝鸡市
610323,岐山县,岐山,陕西省,宝鸡市
610324,扶风县,扶风,陕西省,宝鸡市
610326,眉县,眉,陕西省,宝鸡市
610327,陇县,陇,陕西省,宝鸡市
610328,千阳县,千阳,陕西省,宝鸡市
610329,麟游县,麟游,陕西省,宝鸡市
610330,凤县,凤,陕西省,宝鸡市
610331,太白县,太白,陕西省,宝鸡市
610402,秦都区,秦都,陕西省,咸阳市
610403,杨陵区,杨陵,陕西省,咸阳市
610404,渭城区,渭城,陕西省,咸阳市
610422,三原县,三原,陕西省,咸阳市
610423,泾阳县,泾阳,陕西省,咸阳市
610424,乾县,乾,陕西省,咸阳市
610425,礼泉县,礼泉,陕西省,咸阳市
610426,永寿县,永寿,陕西省,咸阳市
610428,长武县,长武,陕西省,咸阳市
610429,旬邑县,旬邑,陕西省,咸阳市
610430,淳化县,淳化,陕西省,咸阳市
610431,武功县,武功,陕西省,咸阳市
610481,兴平市,兴平,陕西省,咸阳市
610482,彬州市,彬州,陕西省,咸阳市
610502,临渭区,临渭,陕西省,渭南市
610503,华州区,华州,陕西省,渭南市
610522,潼关县,潼关,陕西省,渭南市
610523,大荔县,大荔,陕西省,渭南市
610524,合阳县,合阳,陕西省,渭南市
610525,澄城县,澄城,陕西省,渭南市
610526,蒲城县,蒲城,陕西省,渭南市
610527,白水县,白水,陕西省,渭南市
610528,富平县,富平,陕西省,渭南市
610581,韩城市,韩城,陕西省,渭南市
610582,华阴市,华阴,陕西省,渭南市
610602,宝塔区,宝塔,陕西省,延安市
610603,安塞区,安塞,陕西省,延安市
610621,延长县,延长,陕西省,延安市
610622,延川县,延川,陕西省,延安市
610625,志丹县,志丹,陕西省,延安市
610626,吴起县,吴起,陕西省,延安市
610627,甘泉县,甘泉,陕西省,延安市
610628,富县,富,陕西省,延安市
610629,洛川县,洛川,陕西省,延安市
610630,宜川县,宜川,陕西省,延安市
610631,黄龙县,黄龙,陕西省,延安市
610632,黄陵县,黄陵,陕西省,延安市
610681,子长市,子长,陕西省,延安市
610702,汉台区,汉台,陕西省,汉中市
610703,南郑区,南郑,陕西省,汉中市
610722,城固县,城固,陕西省,汉中市
610723,洋县,洋,陕西省,汉中市
610724,西乡县,西乡,陕西省,汉中市
610725,勉县,勉,陕西省,汉中市
610726,宁强县,宁强,陕西省,汉中市
610727,略阳县,略阳,陕西省,汉中市
610728,镇巴县,镇巴,陕西省,汉中市
610729,留坝县,留坝,陕西省,汉中市
610730,佛坪县,佛坪,陕西省,汉中市
610802,榆阳区,榆阳,陕西省,榆林市
610803,横山区,横山,陕西省,榆林市
610822,府谷县,府谷,陕西省,榆林市
610824,靖边县,靖边,陕西省,榆林市
610825,定边县,定边,陕西省,榆林市
610826,绥德县,绥德,陕西省,榆林市
610827,米脂县,米脂,陕西省,榆林市
610828,佳县,佳,陕西省,榆林市
610829,吴堡县,吴堡,陕西省,榆林市
610830,清涧县,清涧,陕西省,榆林市
610831,子洲县,子洲,陕西省,榆林市
610881,神木市,神木,陕西省,榆林市
610902,汉滨区,汉滨,陕西省,安康市
610921,汉阴县,汉阴,陕西省,安康市
610922,石泉县,石泉,陕西省,安康市
610923,宁陕县,宁陕,陕西省,安康市
610924,紫阳县,紫阳,陕西省,安康市
610925,岚皋县,岚皋,陕西省,安康市
610926,平利县,平利,陕西省,安康市
610927,镇坪县,镇坪,陕西省,安康市
610929,白河县,白河,陕西省,安康市
610981,旬阳市,旬阳,陕西省,安康市
611002,商州区,商州,陕西省,商洛市
611021,洛南县,洛南,陕西省,商洛市
611022,丹凤县,丹凤,陕西省,商洛市
611023,商南县,商南,陕西省,商洛市
611024,山阳县,山阳,陕西省,商洛市
611025,镇安县,镇安,陕西省,商洛市
611026,柞水县,柞水,陕西省,商洛市
620102,城关区,城关,甘肃省,兰州市
620103,七里河区,七里河,甘肃省,兰州市
620104,西固区,西固,甘肃省,兰州市
620105,安宁区,安宁,甘肃省,兰州市
620111,红古区,红古,甘肃省,兰州市
620121,永登县,永登,甘肃省,兰州市
620122,皋兰县,皋兰,甘肃省,兰州市
620123,榆中县,榆中,甘肃省,兰州市
620302,金川区,金川,甘肃省,金昌市
620321,永昌县,永昌,甘肃省,金昌市
620402,白银区,白银,甘肃省,白银市
620403,平川区,平川,甘肃省,白银市
620421,靖远县,靖远,甘肃省,白银市
620422,会宁县,会宁,甘肃省,白银市
620423,景泰县,景泰,甘肃省,白银市
620502,秦州区,秦州,甘肃省,天水市
620503,麦积区,麦积,甘肃省,天水市
620521,清水县,清水,甘肃省,天水市
620522,秦安县,秦安,甘肃省,天水市
620523,甘谷县,甘谷,甘肃省,天水市
620524,武山县,武山,甘肃省,天水市
620525,张家川回族自治县,张家川,甘肃省,天水市
620602,凉州区,凉州,甘肃省,武威市
620621,民勤县,民勤,甘肃省,武威市
620622,古浪县,古浪,甘肃省,武威市
620623,天祝藏族自治县,天祝,甘肃省,武威市
620702,甘州区,甘州,甘肃省,张掖市
620721,肃南裕固族自治县,肃南,甘肃省,张掖市
620722,民乐县,民乐,甘肃省,张掖市
620723,临泽县,临泽,甘肃省,张掖市
620724,高台县,高台,甘肃省,张掖市
620725,山丹县,山丹,甘肃省,张掖市
620802,崆峒区,崆峒,甘肃省,平凉市
620821,泾川县,泾川,甘肃省,平凉市
620822,灵台县,灵台,甘肃省,平凉市
620823,崇信县,崇信,甘肃省,平凉市
620825,庄浪县,庄浪,甘肃省,平凉市
620826,静宁县,静宁,甘肃省,平凉市
620881,华亭市,华亭,甘肃省,平凉市
620902,肃州区,肃州,甘肃省,酒泉市
620921,金塔县,金塔,甘肃省,酒泉市
620922,瓜州县,瓜州,甘肃省,酒泉市
620923,肃北蒙古族自治县,肃北,甘肃省,酒泉市
620924,阿克塞哈萨克族自治县,阿克塞,甘肃省,酒泉市
620981,玉门市,玉门,甘肃省,酒泉市
620982,敦煌市,敦煌,甘肃省,酒泉市
621002,西峰区,西峰,甘肃省,庆阳市
621021,庆城县,庆城,甘肃省,庆阳市
621022,环县,环,甘肃省,庆阳市
621023,华池县,华池,甘肃省,庆阳市
621024,合水县,合水,甘肃省,庆阳市
621025,正宁县,正宁,甘肃省,庆阳市
621026,宁县,宁,甘肃省,庆阳市
621027,镇原县,镇原,甘肃省,庆阳市
621102,安定区,安定,甘肃省,定西市
621121,通渭县,通渭,甘肃省,定西市
621122,陇西县,陇西,甘肃省,定西市
621123,渭源县,渭源,甘肃省,定西市
621124,临洮县,临洮,甘肃省,定西市
621125,漳县,漳,甘肃省,定西市
621126,岷县,岷,甘肃省,定西市
621202,武都区,武都,甘肃省,陇南市
621221,成县,成,甘肃省,陇南市
621222,文县,文,甘肃省,陇南市
621223,宕昌县,宕昌,甘肃省,陇南市
621224,康县,康,甘肃省,陇南市
621225,西和县,西和,甘肃省,陇南市
621226,礼县,礼,甘肃省,陇南市
621227,徽县,徽,甘肃省,陇南市
621228,两当县,两当,甘肃省,陇南市
622901,临夏市,临夏,甘肃省,临夏回族自治州
622921,临夏县,临夏,甘肃省,临夏回族自治州
622922,康乐县,康乐,甘肃省,临夏回族自治州
622923,永靖县,永靖,甘肃省,临夏回族自治州
622924,广河县,广河,甘肃省,临夏回族自治州
622925,和政县,和政,甘肃省,临夏回族自治州
622926,东乡族自治县,东乡族,甘肃省,临夏回族自治州
622927,积石山保安族东乡族撒拉族自治县,积石山,甘肃省,临夏回族自治州
623001,合作市,合作,甘肃省,甘南藏族自治州
623021,临潭县,临潭,甘肃省,甘南藏族自治州
623022,卓尼县,卓尼,甘肃省,甘南藏族自治州
623023,舟曲县,舟曲,甘肃省,甘南藏族自治州
623024,迭部县,迭部,甘肃省,甘南藏族自治州
623025,玛曲县,玛曲,甘肃省,甘南藏族自治州
623026,碌曲县,碌曲,甘肃省,甘南藏族自治州
623027,夏河县,夏河,甘肃省,甘南藏族自治州
630102,城东区,城东,青海省,西宁市
630103,城中区,城中,青海省,西宁市
630104,城西区,城西,青海省,西宁市
630105,城北区,城北,青海省,西宁市
630106,湟中区,湟中,青海省,西宁市
630121,大通回族土族自治县,大通,青海省,西宁市
630123,湟源县,湟源,青海省,西宁市
630202,乐都区,乐都,青海省,海东市
630203,平安区,平安,青海省,海东市
630222,民和回族土族自治县,民和,青海省,海东市
630223,互助土族自治县,互助,青海省,海东市
630224,化隆回族自治县,化隆,青海省,海东市
630225,循化撒拉族自治县,循化,青海省,海东市
632221,门源回族自治县,门源,青海省,海北藏族自治州
632222,祁连县,祁连,青海省,海北藏族自治州
632223,海晏县,海晏,青海省,海北藏族自治州
632224,刚察县,刚察,青海省,海北藏族自治州
632301,同仁市,同仁,青海省,黄南藏族自治州
632322,尖扎县,尖扎,青海省,黄南藏族自治州
632323,泽库县,泽库,青海省,黄南藏族自治州
632324,河南蒙古族自治县,河南,青海省,黄南藏族自治州
632521,共和县,共和,青海省,海南藏族自治州
632522,同德县,同德,青海省,海南藏族自治州
632523,贵德县,贵德,青海省,海南藏族自治州
632524,兴海县,兴海,青海省,海南藏族自治州
632525,贵南县,贵南,青海省,海南藏族自治州
632621,玛沁县,玛沁,青海省,果洛藏族自治州
632622,班玛县,班玛,青海省,果洛藏族自治州
632623,甘德县,甘德,青海省,果洛藏族自治州
632624,达日县,达日,青海省,果洛藏族自治州
632625,久治县,久治,青海省,果洛藏族自治州
632626,玛多县,玛多,青海省,果洛藏族自治州
632701,玉树市,玉树,青海省,玉树藏族自治州
632722,杂多县,杂多,青海省,玉树藏族自治州
632723,称多县,称多,青海省,玉树藏族自治州
632724,治多县,治多,青海省,玉树藏族自治州
632725,囊谦县,囊谦,青海省,玉树藏族自治州
632726,曲麻莱县,曲麻莱,青海省,玉树藏族自治州
632801,格尔木市,格尔木,青海省,海西蒙古族藏族自治州
632802,德令哈市,德令哈,青海省,海西蒙古族藏族自治州
632803,茫崖市,茫崖,青海省,海西蒙古族藏族自治州
632821,乌兰县,乌兰,青海省,海西蒙古族藏族自治州
632822,都兰县,都兰,青海省,海西蒙古族藏族自治州
632823,天峻县,天峻,青海省,海西蒙古族藏族自治州
640104,兴庆区,兴庆,宁夏回族自治区,银川市
640105,西夏区,西夏,宁夏回族自治区,银川市
640106,金凤区,金凤,宁夏回族自治区,银川市
640121,永宁县,永宁,宁夏回族自治区,银川市
640122,贺兰县,贺兰,宁夏回族自治区,银川市
640181,灵武市,灵武,宁夏回族自治区,银川市
640202,大武口区,大武口,宁夏回族自治区,石嘴山市
640205,惠农区,惠农,宁夏回族自治区,石嘴山市
640221,平罗县,平罗,宁夏回族自治区,石嘴山市
640302,利通区,利通,宁夏回族自治区,吴忠市
640303,红寺堡区,红寺堡,宁夏回族自治区,吴忠市
640323,盐池县,盐池,宁夏回族自治区,吴忠市
640324,同心县,同心,宁夏回族自治区,吴忠市
640381,青铜峡市,青铜峡,宁夏回族自治区,吴忠市
640402,原州区,原州,宁夏回族自治区,固原市
640422,西吉县,西吉,宁夏回族自治区,固原市
640423,隆德县,隆德,宁夏回族自治区,固原市
640424,泾源县,泾源,宁夏回族自治区,固原市
640425,彭阳县,彭阳,宁夏回族自治区,固原市
640502,沙坡头区,沙坡头,宁夏回族自治区,中卫市
640521,中宁县,中宁,宁夏回族自治区,中卫市
640522,海原县,海原,宁夏回族自治区,中卫市
650102,天山区,天山,新疆维吾尔自治区,乌鲁木齐市
650103,沙依巴克区,沙依巴克,新疆维吾尔自治区,乌鲁木齐市
650104,新市区,新市,新疆维吾尔自治区,乌鲁木齐市
650105,水磨沟区,水磨沟,新疆维吾尔自治区,乌鲁木齐市
650106,头屯河区,头屯河,新疆维吾尔自治区,乌鲁木齐市
650107,达坂城区,达坂城,新疆维吾尔自治区,乌鲁木齐市
650109,米东区,米东,新疆维吾尔自治区,乌鲁木齐市
650121,乌鲁木齐县,乌鲁木齐,新疆维吾尔自治区,乌鲁木齐市
650202,独山子区,独山子,新疆维吾尔自治区,克拉玛依市
650203,克拉玛依区,克拉玛依,新疆维吾尔自治区,克拉玛依市
650204,白碱滩区,白碱滩,新疆维吾尔自治区,克拉玛依市
650205,乌尔禾区,乌尔禾,新疆维吾尔自治区,克拉玛依市
650402,高昌区,高昌,新疆维吾尔自治区,吐鲁番市
650421,鄯善县,鄯善,新疆维吾尔自治区,吐鲁番市
650422,托克逊县,托克逊,新疆维吾尔自治区,吐鲁番市
650502,伊州区,伊州,新疆维吾尔自治区,哈密市
650521,巴里坤哈萨克自治县,巴里坤,新疆维吾尔自治区,哈密市
650522,伊吾县,伊吾,新疆维吾尔自治区,哈密市
652301,昌吉市,昌吉,新疆维吾尔自治区,昌吉回族自治州
652302,阜康市,阜康,新疆维吾尔自治区,昌吉回族自治州
652323,呼图壁县,呼图壁,新疆维吾尔自治区,昌吉回族自治州
652324,玛纳斯县,玛纳斯,新疆维吾尔自治区,昌吉回族自治州
652325,奇台县,奇台,新疆维吾尔自治区,昌吉回族自治州
652327,吉木萨尔县,吉木萨尔,新疆维吾尔自治区,昌吉回族自治州
652328,木垒哈萨克自治县,木垒,新疆维吾尔自治区,昌吉回族自治州
652701,博乐市,博乐,新疆维吾尔自治区,博尔塔拉蒙古自治州
652702,阿拉山口市,阿拉山口,新疆维吾尔自治区,博尔塔拉蒙古自治州
652722,精河县,精河,新疆维吾尔自治区,博尔塔拉蒙古自治州
652723,温泉县,温泉,新疆维吾尔自治区,博尔塔拉蒙古自治州
652801,库尔勒市,库尔勒,新疆维吾尔自治区,巴音郭楞蒙古自治州
652822,轮台县,轮台,新疆维吾尔自治区,巴音郭楞蒙古自治州
652823,尉犁县,尉犁,新疆维吾尔自治区,巴音郭楞蒙古自治州
652824,若羌县,若羌,新疆维吾尔自治区,巴音郭楞蒙古自治州
652825,且末县,且末,新疆维吾尔自治区,巴音郭楞蒙古自治州
652826,焉耆回族自治县,焉耆,新疆维吾尔自治区,巴音郭楞蒙古自治州
652827,和静县,和静,新疆维吾尔自治区,巴音郭楞蒙古自治州
652828,和硕县,和硕,新疆维吾尔自治区,巴音郭楞蒙古自治州
652829,博湖县,博湖,新疆维吾尔自治区,巴音郭楞蒙古自治州
652901,阿克苏市,阿克苏,新疆维吾尔自治区,阿克苏地区
652902,库车市,库车,新疆维吾尔自治区,阿克苏地区
652922,温宿县,温宿,新疆维吾尔自治区,阿克苏地区
652924,沙雅县,沙雅,新疆维吾尔自治区,阿克苏地区
652925,新和县,新和,新疆维吾尔自治区,阿克苏地区
652926,拜城县,拜城,新疆维吾尔自治区,阿克苏地区
652927,乌什县,乌什,新疆维吾尔自治区,阿克苏地区
652928,阿瓦提县,阿瓦提,新疆维吾尔自治区,阿克苏地区
652929,柯坪县,柯坪,新疆维吾尔自治区,阿克苏地区
653001,阿图什市,阿图什,新疆维吾尔自治区,克孜勒苏柯尔克孜自治州
653022,阿克陶县,阿克陶,新疆维吾尔自治区,克孜勒苏柯尔克孜自治州
653023,阿合奇县,阿合奇,新疆维吾尔自治区,克孜勒苏柯尔克孜自治州
653024,乌恰县,乌恰,新疆维吾尔自治区,克孜勒苏柯尔克孜自治州
653101,喀什市,喀什,新疆维吾尔自治区,喀什地区
653121,疏附县,疏附,新疆维吾尔自治区,喀什地区
653122,疏勒县,疏勒,新疆维吾尔自治区,喀什地区
653123,英吉沙县,英吉沙,新疆维吾尔自治区,喀什地区
653124,泽普县,泽普,新疆维吾尔自治区,喀什地区
653125,莎车县,莎车,新疆维吾尔自治区,喀什地区
653126,叶城县,叶城,新疆维吾尔自治区,喀什地区
653127,麦盖提县,麦盖提,新疆维吾尔自治区,喀什地区
653128,岳普湖县,岳普湖,新疆维吾尔自治区,喀什地区
653129,伽师县,伽师,新疆维吾尔自治区,喀什地区
653130,巴楚县,巴楚,新疆维吾尔自治区,喀什地区
653131,塔什库尔干塔吉克自治县,塔什库尔干,新疆维吾尔自治区,喀什地区
653201,和田市,和田,新疆维吾尔自治区,和田地区
653221,和田县,和田,新疆维吾尔自治区,和田地区
653222,墨玉县,墨玉,新疆维吾尔自治区,和田地区
653223,皮山县,皮山,新疆维吾尔自治区,和田地区
653224,洛浦县,洛浦,新疆维吾尔自治区,和田地区
653225,策勒县,策勒,新疆维吾尔自治区,和田地区
653226,于田县,于田,新疆维吾尔自治区,和田地区
653227,民丰县,民丰,新疆维吾尔自治区,和田地区
654002,伊宁市,伊宁,新疆维吾尔自治区,伊犁哈萨克自治州
654003,奎屯市,奎屯,新疆维吾尔自治区,伊犁哈萨克自治州
654004,霍尔果斯市,霍尔果斯,新疆维吾尔自治区,伊犁哈萨克自治州
654021,伊宁县,伊宁,新疆维吾尔自治区,伊犁哈萨克自治州
654022,察布查尔锡伯自治县,察布查尔,新疆维吾尔自治区,伊犁哈萨克自治州
654023,霍城县,霍城,新疆维吾尔自治区,伊犁哈萨克自治州
654024,巩留县,巩留,新疆维吾尔自治区,伊犁哈萨克自治州
654025,新源县,新源,新疆维吾尔自治区,伊犁哈萨克自治州
654026,昭苏县,昭苏,新疆维吾尔自治区,伊犁哈萨克自治州
654027,特克斯县,特克斯,新疆维吾尔自治区,伊犁哈萨克自治州
654028,尼勒克县,尼勒克,新疆维吾尔自治区,伊犁哈萨克自治州
654201,塔城市,塔城,新疆维吾尔自治区,塔城地区
654202,乌苏市,乌苏,新疆维吾尔自治区,塔城地区
654203,沙湾市,沙湾,新疆维吾尔自治区,塔城地区
654221,额敏县,额敏,新疆维吾尔自治区,塔城地区
654224,托里县,托里,新疆维吾尔自治区,塔城地区
654225,裕民县,裕民,新疆维吾尔自治区,塔城地区
654226,和布克赛尔蒙古自治县,和布克赛尔,新疆维吾尔自治区,塔城地区
654301,阿勒泰市,阿勒泰,新疆维吾尔自治区,阿勒泰地区
654321,布尔津县,布尔津,新疆维吾尔自治区,阿勒泰地区
654322,富蕴县,富蕴,新疆维吾尔自治区,阿勒泰地区
654323,福海县,福海,新疆维吾尔自治区,阿勒泰地区
654324,哈巴河县,哈巴河,新疆维吾尔自治区,阿勒泰地区
654325,青河县,青河,新疆维吾尔自治区,阿勒泰地区
654326,吉木乃县,吉木乃,新疆维吾尔自治区,阿勒泰地区
659001,石河子市,石河子,新疆维吾尔自治区,（直辖）
659002,阿拉尔市,阿拉尔,新疆维吾尔自治区,（直辖）
659003,图木舒克市,图木舒克,新疆维吾尔自治区,（直辖）
659004,五家渠市,五家渠,新疆维吾尔自治区,（直辖）
659005,北屯市,北屯,新疆维吾尔自治区,（直辖）
659006,铁门关市,铁门关,新疆维吾尔自治区,（直辖）
659007,双河市,双河,新疆维吾尔自治区,（直辖）
659008,可克达拉市,可克达拉,新疆维吾尔自治区,（直辖）
659009,昆玉市,昆玉,新疆维吾尔自治区,（直辖）
659010,胡杨河市,胡杨河,新疆维吾尔自治区,（直辖）
659011,新星市,新星,新疆维吾尔自治区,（直辖）
659012,白杨市,白杨,新疆维吾尔自治区,（直辖）
